ID,Unitprice,Expire date,Outbound number,Total outbound,Pal grossweight,Pal height,Units per pal
1,0.058,547,9,2441,105.6,1.56,1920
2,0.954,547,0,0,207.68,1,384
3,2.385,547,12,23,165.78,1.02,108
4,5.1,547,0,0,221.04,1.05,72
5,0,547,0,0,0,0,0
6,1.11,547,1,1,207.68,1,384
7,2.515,547,2,4,165.78,1.02,108
8,0,547,0,0,0,0,0
9,0.2625,547,0,0,0,0,0
10,13.354,365,0,0,441.72,1.44,36
11,4.253,547,0,0,221.04,1.05,72
12,1.042,547,6,14,207.68,1,384
13,2.592,547,8,12,165.78,1.02,108
14,5.425,547,0,0,0,0,0
15,0,547,0,0,0,0,0
16,4.321,547,1,2,221.04,0,72
17,0,547,0,0,0,0,0
18,2.39,547,3,5,165.78,1.02,108
19,0,547,0,0,0,0,0
20,0.976,547,0,0,207.68,1,384
21,2.9171,547,0,0,165.78,1.02,108
22,0,547,0,0,0,0,0
23,17.113,365,1,3,441.72,1.44,36
24,4.942,547,1,1,221.04,1.05,72
25,14.783,365,1,1,515.34,1.68,42
26,19.63,365,0,0,0,0,24
27,4.61,547,2,3,221.04,1.05,72
28,0.006,547,9,1336,105.6,1.56,1920
29,14.919,365,1,1,515.34,1.68,42
30,4.79,547,0,0,221.04,1.05,72
31,0.19,547,0,0,0,0,0
32,0,547,0,0,0,0,0
33,15.318,365,1,1,515.34,1.68,42
34,17.02,365,0,0,0,0,24
35,4.48,547,0,0,0,0,0
36,15.808,365,1,1,515.34,1.68,42
37,16.201,365,0,0,515.34,1.68,42
38,4.303,547,0,0,221.04,1.05,72
39,16.76,365,0,0,0,0,0
40,0,365,0,0,0,0,0
41,0.192,547,10,760,105.6,1.56,1920
42,0.192,0,0,0,0,0,0
43,0.992,547,7,19,207.68,1,384
44,1.67,365,0,0,0,0,0
45,2.318,547,7,16,165.78,1.02,108
46,0,365,0,0,0,0.6,25
47,9.547,547,2,2,243.84,0.72,32
48,1.29,547,0,0,207.68,1,384
49,2.28,547,0,0,165.78,1.02,108
50,1.137,547,1,1,207.68,1,384
51,1.86,365,74,744,198,1.02,180
52,2.4,547,4,10,165.78,1.02,108
53,9.496,547,3,3,243.84,0.72,32
54,0,547,0,0,0,0,0
55,0,365,0,0,0,0,0
56,2.41,547,0,0,0,0,0
57,0,365,0,0,0,0,0
58,2.5,547,3,5,165.78,1.02,108
59,10.141,547,0,0,243.84,0.72,32
60,15.04,365,0,0,441.72,1.44,36
61,4.04,547,3,4,221.04,1.05,72
62,0.2,547,4,1340,105.6,1.56,1920
63,14.568,365,13,17,515.34,1.68,42
64,0,547,0,0,0,0,0
65,16.333,365,2,2,515.34,1.68,42
66,0.998,547,4,6,207.68,1,384
67,2.345,547,2,2,165.78,1.02,108
68,0,547,0,0,0,0,0
69,0,547,0,0,0,0,0
70,15.316,365,2,2,515.34,1.68,42
71,0,365,0,0,0,0,0
72,0,547,0,0,0,0,0
73,0,365,0,0,0,0,0
74,0.106,547,3,360,105.6,1.56,1920
75,0.962,547,0,0,207.68,1,384
76,1.97,365,3,23,198,1.02,180
77,2.063,547,1,1,165.78,1.02,108
78,4.642,547,3,3,221.04,1.05,72
79,1.143,547,0,0,207.68,1,384
80,1.8,365,0,0,198,1.02,180
81,2.263,547,6,7,165.78,1.02,108
82,1.75,547,0,0,198,1.02,180
83,4.456,547,0,0,221.04,1.05,72
84,2.502,547,0,0,165.78,1.02,108
85,4.309,547,4,5,221.04,1.05,72
86,0.934,547,0,0,0,0,0
87,2.201,547,0,0,165.78,1.02,108
88,0,547,0,0,0,0,0
89,2.239,547,3,64,165.78,1.02,108
90,0,547,0,0,0,0,0
91,0,547,0,0,0,0,0
92,2.69,547,0,0,0,0,0
93,0,547,0,0,0,0,0
94,0,547,0,0,0,0,0
95,0.375,730,1,2,5.25,0,50
96,0.35,730,2,4,529.2,0.9,2160
97,0.37,730,0,0,529.2,0.9,2160
98,0.34,730,0,0,529.2,0.9,2160
99,0.353,730,1,7,529.2,0.9,2160
100,5.611,365,2,2,167.68,1,384
101,0,365,0,0,0,0,0
102,19.534,365,0,0,621.72,1.8,36
103,0,365,0,0,0,0,0
104,24.825,365,0,0,730.8,1.8,36
105,0,547,0,0,0,0,0
106,9.52,547,0,0,261.12,0.72,32
107,25.24,365,0,0,310.86,0.9,18
108,2.887,547,3,3,226.8,1.02,108
109,5.41,547,0,0,293.76,1.05,72
110,0.24,547,2,640,105.6,1.56,1920
111,1,547,0,0,167.68,1,384
112,11.941,547,0,0,0,0,0
113,2.88,547,0,0,226.8,1.02,108
114,0.04,547,0,0,105.6,1.56,1920
115,0.899,547,9,18,167.68,1,384
116,1.78,365,0,0,0,0,180
117,12.517,547,2,3,325.12,0.8,32
118,2.942,547,10,15,226.8,1.02,108
119,0,365,0,0,0,0,0
120,5.557,547,5,8,293.76,1.05,72
121,0.84,547,1,6,167.68,1,384
122,2.04,365,0,0,147.6,1.17,180
123,12.794,547,2,2,325.12,0.8,32
124,3.103,547,1,1,226.8,1.02,108
125,1.24,547,4,5,167.68,1,384
126,14.78,547,0,0,325.12,0.8,32
127,3.561,547,3,4,226.8,1.02,108
128,0,547,5,420,0,0,960
129,0.87,547,1,3,167.68,1,384
130,2.208,365,0,0,147.6,1.17,180
131,12.949,547,0,0,325.12,0.8,32
132,3.105,547,14,22,226.8,1.02,108
133,5.561,547,0,0,293.76,1.05,72
134,0.896,547,0,0,167.68,1,384
135,0,547,0,0,0,0,0
136,0.858,547,3,12,167.68,1,384
137,1.74,365,0,0,0,0,0
138,12.854,547,2,2,10.16,0.8,32
139,3.077,547,1,1,226.8,1.02,108
140,0.794,547,4,8,167.68,1,384
141,2.8,547,1,3,226.8,1.02,108
142,5.212,547,2,2,293.76,1.05,72
143,0.88,547,1,3,167.68,1,384
144,11.579,547,4,4,325.12,0.8,32
145,2.849,547,6,11,226.8,1.02,108
146,4.866,547,0,0,261.54,1.05,72
147,0.877,547,9,21,167.68,1,384
148,12.584,547,4,4,325.12,0.8,32
149,3.072,547,5,5,226.8,1.02,108
150,5.674,547,5,6,293.76,1.05,72
151,0.82,547,1,3,167.68,1,384
152,2.263,547,5,7,165.78,1.02,108
153,4.532,547,0,0,261.54,1.05,72
154,9.274,547,0,0,261.12,0.72,32
155,0.83,547,8,20,167.68,1,384
156,12.353,547,0,0,325.12,0.8,32
157,2.979,547,2,4,226.8,1.02,108
158,5.353,547,5,6,293.76,1.05,72
159,0.747,547,0,0,167.68,1,384
160,1.23,365,27,1165,147.6,0,180
161,10.807,547,0,0,325.12,0.8,32
162,16.201,365,5,6,641.34,1.68,42
163,2.736,547,1,1,226.8,1.02,108
164,3.55,365,0,0,266.4,1.02,108
165,4.784,547,0,0,293.76,1.05,72
166,0.76,547,9,21,167.68,1,384
167,1.35,365,134,2722,147.6,1.17,180
168,11.795,547,2,2,325.12,0.8,32
169,18.308,365,2,5,641.34,1.68,42
170,2.72,547,8,11,226.8,1.02,108
171,0,365,0,0,0,0,0
172,5.314,547,7,7,293.76,1.05,72
173,0.8,547,6,24,167.68,1,384
174,1.42,547,1,50,147.6,1.17,180
175,12.685,547,1,1,325.12,0.8,32
176,2.933,547,4,4,226.8,1.02,108
177,5.62,547,0,0,293.76,1.05,72
178,1.03,547,0,0,167.68,1,384
179,2.722,547,1,1,226.8,1.02,108
180,0.837,547,4,17,167.68,1,384
181,1.3,547,7,130,147.6,0,180
182,10.93,547,0,0,325.12,0.8,32
183,2.608,547,13,22,226.8,1.02,108
184,4.789,547,1,1,293.76,1.05,72
185,0.939,547,4,13,167.68,1,384
186,1.5,365,98,1389,147.6,1.17,180
187,12.716,547,3,3,325.12,0.8,32
188,19.14,365,0,0,0,1.1,21
189,3.014,547,4,5,226.8,1.02,108
190,5.647,547,0,0,293.76,1.05,72
191,0,547,0,0,0,0,0
192,0.826,547,2,10,167.68,1,384
193,1.34,365,76,2054,147.6,1.17,180
194,11.577,547,6,7,325.12,0.8,32
195,17.525,365,0,0,0,0,0
196,16.879,365,1,2,641.34,1.68,42
197,2.905,547,9,15,226.8,1.02,108
198,5.294,547,15,19,293.76,1.05,72
199,0.821,547,1,2,167.68,1,384
200,0,365,27,1770,147.6,0,180
201,2.78,547,4,4,226.8,1.02,108
202,0.87,547,1,6,167.68,1,384
203,0,365,0,0,0,0,0
204,3.08,547,0,0,226.8,1.02,108
205,0.79,547,3,4,167.68,1,384
206,1.6,365,44,814,147.6,1.17,180
207,3.192,547,2,2,226.8,1.02,108
208,5.552,547,0,0,293.76,1.05,72
209,0.924,547,2,6,167.68,1,384
210,2.0125,365,0,0,0,0,0
211,11.787,547,4,4,325.12,0.8,32
212,2.83,547,2,2,226.8,1.02,108
213,5.241,547,9,10,293.76,1.05,72
214,0.84,547,2,4,167.68,1,384
215,2.259,547,4,4,165.78,1.02,108
216,4.422,547,0,0,261.54,1.05,72
217,0.86,547,8,18,167.68,1,384
218,11.917,547,3,3,325.12,0.8,32
219,2.999,547,2,4,226.8,1.02,108
220,5.47,547,0,0,293.76,1.05,72
221,0.91,547,1,3,167.68,1,384
222,1.6,365,0,0,147.6,1.17,180
223,2.357,547,4,5,165.78,1.02,108
224,5.092,547,2,2,261.54,1.05,72
225,0.99,547,3,8,167.68,1,384
226,3.67,547,2,3,226.8,1.02,108
227,6.31,547,1,1,293.76,1.05,72
228,0.86,547,8,15,167.68,1,384
229,1.944,365,0,0,147.6,1.17,180
230,3.04,547,3,3,226.8,1.02,108
231,0.9,547,2,15,167.68,1,384
232,1.824,365,27,1859,147.6,1.17,180
233,2.853,547,4,5,226.8,1.02,108
234,0.94,547,0,0,167.68,1,384
235,2.016,365,0,0,294,1.13,350
236,2.37,547,0,0,165.78,1.02,108
237,0,547,0,0,0,0,0
238,0.978,547,0,0,167.68,1,384
239,1.908,365,0,0,147.6,1.17,180
240,3.08,547,1,2,226.8,1.02,108
241,0.9,547,4,12,167.68,1,384
242,0,365,0,0,0,0,0
243,3.3,547,1,2,226.8,1.02,108
244,0,365,0,0,0,0,0
245,5.27,365,1,1,66.96,0.94,216
246,12.39,547,0,0,325.12,0.8,32
247,6.203,547,0,0,0,0,0
248,13.152,547,0,0,325.12,0.8,32
249,0,365,0,0,0,0,0
250,1.881,730,10,24,336.96,0.9,288
251,1.85,730,4,6,336.96,0.9,288
252,1.76,730,3,3,336.96,0.9,288
253,1.95,730,2,2,336.96,0.9,288
254,2.04,730,2,2,336.96,0.9,288
255,1.65,730,0,0,336.96,0.9,288
256,1.88,730,1,1,336.96,0.9,288
257,1.829,730,1,1,336.96,0.9,288
258,1.789,730,15,29,336.96,0.9,288
259,0.39,730,3,10,529.2,0.9,2160
260,1.818,730,5,8,336.96,0.9,288
261,1.85,730,8,8,336.96,0.9,288
262,1.857,730,0,0,336.96,0.9,288
263,1.72,730,0,0,336.96,0.9,288
264,1.8,730,128,203,336.96,0.9,288
265,1.82,730,12,14,336.96,0.9,288
266,1.742,730,9,11,336.96,0.9,288
267,1.57,730,18,24,336.96,0.9,288
268,0.975,547,0,0,207.68,1,384
269,2.205,547,1,1,165.78,1.02,108
270,5.5298,547,0,0,221.04,1.05,72
271,1.05,547,2,3,207.68,1,384
272,2.32,547,1,1,165.78,1.02,108
273,5.425,547,0,0,221.04,1.05,72
274,1.428,547,0,0,207.68,1,384
275,2.48,547,0,0,165.78,1.02,108
276,5.8274,547,0,0,221.04,1.05,72
277,2.63,547,0,0,165.78,1.02,108
278,8.138,547,0,0,243.84,0.72,32
279,15.322,365,0,0,641.34,1.68,42
280,4.04,547,0,0,221.04,1.05,72
281,21.84,365,1,2,641.34,1.68,42
282,4.73,547,0,0,221.04,1.05,72
283,16.46,365,0,0,641.34,1.68,42
284,5.568,547,0,0,0,0,0
285,1.08,547,2,2,207.68,1,384
286,2.6,547,1,1,165.78,1.02,108
287,4.74,547,0,0,221.04,1.05,72
288,1.13,547,0,0,207.68,1,384
289,2.41,547,0,0,165.78,1.02,108
290,4.24,547,0,0,221.04,1.05,72
291,1.512,547,0,0,207.68,1,384
292,3.228,547,0,0,165.78,1.02,108
293,6.1318,547,0,0,221.04,1.05,72
294,2.42,730,1,1,489.6,1.62,288
295,2.343,730,0,0,489.6,1.62,288
296,3.456,730,0,0,489.6,1.62,288
297,0,547,0,0,0,0,0
298,0.15,547,0,0,105.6,1.56,1920
299,15.355,365,0,0,641.34,1.68,42
300,21.768,365,0,0,657.72,1.44,36
301,5.08,547,0,0,0,0,0
302,1.932,547,4,10,198,1.02,180
303,19.72,365,2,2,641.34,1.68,42
304,5.447,547,0,0,293.76,1.05,72
305,17.039,365,9,16,641.34,1.68,42
306,20.58,365,0,0,0,1.2,36
307,5.425,547,2,2,293.76,1.05,72
308,0,365,0,0,0,0,0
309,0,547,0,0,0,0,0
310,14.692,365,1,1,441.72,1.44,36
311,5.8375,547,0,0,0,0,0
312,14.658,365,1,1,641.34,1.68,42
313,0,547,0,0,0,0,0
314,0,365,0,0,0,0,0
315,5.525,547,0,0,0,0,0
316,20.01,365,2,3,641.34,1.68,42
317,5.484,547,0,0,221.04,1.05,72
318,19.483,365,5,5,320.67,0.84,21
319,21.27,547,0,0,0,0,0
320,1.698,547,4,10,198,1.02,180
321,20.251,365,8,10,641.34,1.68,42
322,26.21,365,0,0,0,1.2,36
323,6.138,547,5,6,293.76,1.05,72
324,0,365,0,0,0,0,8
325,16.238,365,4,4,641.34,1.68,42
326,5.204,547,0,0,641.34,1.68,42
327,16.57,365,0,0,0,1.2,36
328,16.75,365,1,1,641.34,1.68,42
329,24.725,365,0,0,0,0,30
330,5.31,547,0,0,293.76,1.05,72
331,0,365,0,0,0,0,0
332,0,547,0,0,0,0,0
333,12.689,547,0,0,325.12,0.8,32
334,4.635,547,1,1,221.04,1.05,72
335,5.623,547,1,2,293.76,1.05,72
336,0.204,547,3,559,105.6,1.56,1920
337,1.578,547,2,4,198,1.02,180
338,0,547,0,0,0,0,0
339,16.215,365,1,1,641.34,1.68,42
340,5.058,547,3,5,293.76,1.05,72
341,0,365,0,0,0,0,72
342,1.59,547,0,0,198,1.02,180
343,9.38,547,0,0,325.12,0.8,32
344,0,365,0,0,0,0,0
345,14.082,365,7,7,641.34,1.68,42
346,0,365,0,0,0,1.2,36
347,4.564,547,7,7,293.76,1.05,72
348,0,547,0,0,0,0,0
349,19.267,365,0,0,641.34,1.68,42
350,5.238,547,0,0,293.76,1.05,72
351,0,365,0,0,0,0,0
352,5.1,547,0,0,293.76,1.05,72
353,5.35,547,0,0,257.04,0,72
354,1.61,547,3,7,147.6,1.17,180
355,1.79,365,0,0,148,1.17,180
356,3.181,547,2,4,226.8,1.02,108
357,0,547,0,0,0,0,0
358,1.65,547,0,0,147.6,1.17,180
359,2.355,547,3,4,165.78,1.02,108
360,0,547,1,1,0,0,0
361,0,547,0,0,0,0,0
362,0,547,0,0,0,0,0
363,0,547,0,0,0,0,0
364,0.016,547,1,720,105.6,1.56,1920
365,1.58,547,1,1,147.6,1.17,180
366,12.585,547,2,2,325.12,0.8,32
367,2.95,547,1,1,226.8,1.02,108
368,1.8381,547,0,0,0,0,0
369,0,547,0,0,0,0,0
370,3.01,547,0,0,0,0,0
371,1.682,547,3,6,198,1.02,180
372,4.87,547,2,2,221.04,1.05,72
373,10.824,547,0,0,277.12,0.72,32
374,1.53,547,7,17,147.6,1.17,180
375,1.58,365,3,500,0,1.1,180
376,2.955,547,4,5,226.8,1.02,108
377,9.717,547,0,0,261.12,0.72,32
378,0.135,547,0,0,0,0,0
379,1.36,547,7,13,147.6,1.17,180
380,1.584,365,1,5,147.6,1.17,180
381,2.596,547,13,23,226.8,1.02,108
382,4.38,547,0,0,293.76,1.05,72
383,8.823,547,4,4,261.12,0.72,32
384,0,365,0,0,0,0,0
385,1.63,547,3,4,147.6,1.17,180
386,2.54,547,1,1,226.8,1.02,108
387,9.597,547,3,3,261.12,0.72,32
388,0.015,547,8,960,105.6,1.56,1920
389,1.35,547,1,2,147.6,1.17,180
390,2.71,547,2,2,226.8,1.02,108
391,0,365,0,0,0,0,0
392,16.66,365,0,0,507.6,1.44,36
393,13.194,365,0,0,404.64,1.2,36
394,0,365,0,0,0,0,0
395,21.478,365,1,1,730.8,1.8,36
396,18.795,365,0,0,621.72,1.8,36
397,26.54,365,0,0,730.8,1.8,36
398,14.941,365,0,0,641.34,1.68,42
399,18.804,365,7,9,730.8,1.8,36
400,21.845,365,0,0,730.8,1.8,36
401,27.32,365,0,0,0,0,0
402,0,365,0,0,0,0,0
403,20.525,365,1,1,621.72,1.8,36
404,20.45,365,0,0,549.72,1.44,36
405,20.738,365,1,1,621.72,1.8,36
406,18.282,365,0,0,341.67,0.98,21
407,27.475,365,0,0,0,0,0
408,17.568,365,0,0,320.67,0.84,21
409,24.502,365,3,3,730.8,1.8,36
410,22.236,365,0,0,548.1,1.2,30
411,23.691,365,0,0,730.8,1.8,36
412,21.824,365,0,0,548.1,1.2,30
413,20.015,365,7,10,730.8,1.8,36
414,20.296,365,2,2,730.8,1.8,36
415,21.115,365,2,4,621.72,1.8,36
416,19.315,365,1,1,621.72,1.8,36
417,17.03,365,4,7,274.86,0.72,18
418,21.37,365,0,0,730.8,1.8,36
419,19.42,365,0,0,0,0,0
420,25.95,365,0,0,0,0,0
421,21.276,365,0,0,310.86,0.9,18
422,0.98,547,0,0,207.68,1,384
423,2.39,547,2,3,165.78,1.02,108
424,4.54,547,0,0,0,0,0
425,0.965,547,4,9,207.68,1,384
426,2.362,547,1,1,165.78,1.02,108
427,4.16,547,0,0,221.04,1.05,72
428,0,547,0,0,0,0,0
429,1.13,547,1,2,207.68,1,384
430,2.59,547,1,1,165.78,1.02,108
431,0,547,0,0,0,0,0
432,2.7,547,1,66,165.78,1.02,108
433,7.2,547,0,0,293.76,1.05,72
434,1.331,547,0,0,147.6,1.17,180
435,2.93,547,0,0,226.8,1.02,108
436,2.774,547,1,6,226.8,1.02,108
437,4.89,547,1,2,293.76,1.05,72
438,5,547,0,0,0,0,0
439,5.216,547,1,1,293.76,1.05,72
440,10.063,547,0,0,325.12,0.8,32
441,5.563,547,0,0,293.76,1.05,72
442,14.402,547,0,0,325.12,0.8,32
443,15.736,365,1,2,296.1,0.84,21
444,5.38,547,0,0,293.76,1.05,72
445,16.659,365,2,3,296.1,0.84,21
446,6.06,547,0,0,293.76,1.05,72
447,18.054,365,0,0,296.1,0.84,21
448,0,365,0,0,0,0,0
449,0,365,0,0,0,0,0
450,2.23,547,0,0,165.78,1.02,108
451,10.947,547,0,0,0,0,0
452,0,547,0,0,0,0,0
453,0,365,0,0,0,0,0
454,0,547,0,0,0,0,0
455,0,365,0,0,0,0,0
456,2.591,547,4,5,165.78,1.02,108
457,0,547,0,0,0,0,0
458,0,365,0,0,0,0,0
459,0.35,730,1,12,529.2,0.9,2160
460,0.81,547,0,0,167.68,1,384
461,2.956,547,2,2,226.8,1.02,108
462,0.894,547,3,3,167.68,1,384
463,3.129,547,1,1,226.8,1.02,108
464,0.92,547,1,6,167.68,1,384
465,3.237,547,7,19,165.78,1.02,108
466,4.718,547,2,7,261.54,1.05,72
467,0.9,547,3,5,167.68,1,384
468,2.294,547,9,20,165.78,1.02,108
469,4.625,547,5,7,261.54,1.05,72
470,0.82,547,2,5,167.68,1,384
471,2.38,547,3,3,165.78,1.02,108
472,4.837,547,5,5,261.54,1.05,72
473,1.069,547,2,5,167.68,1,384
474,2.595,547,2,4,165.78,1.02,108
475,5.138,547,1,2,261.54,1.05,72
476,3.115,547,0,0,226.8,1.02,108
477,0,547,0,0,0,0,0
478,2.24,547,0,0,165.78,1.02,108
479,0,547,0,0,0,0,0
480,0.81,547,2,9,167.68,1,384
481,2.616,547,4,7,165.78,1.02,108
482,0,547,0,0,0,0,0
483,0.91,547,2,7,167.68,1,384
484,12.301,547,0,0,0,0,0
485,2.438,547,6,11,165.78,1.02,108
486,4.818,547,0,0,261.54,1.05,72
487,1.04,547,1,5,167.68,1,384
488,2.282,547,1,3,165.78,1.02,108
489,0.981,547,6,7,167.68,1,384
490,2.701,547,11,19,165.78,1.02,108
491,5.344,547,2,3,261.54,1.05,72
492,8.535,547,0,0,0,0,0
493,1.05,547,64,123,167.68,1,384
494,3.206,547,1,3,165.78,1.02,108
495,0,547,0,0,0,0,0
496,0.64,730,2,16,187.392,1,384
497,0.54,730,0,0,187.392,1,384
498,0.56,730,2,13,187.392,1,384
499,0,730,0,0,0,0,0
500,0.52,730,0,0,187.392,1,384
501,0.56,730,2,12,180.48,1,384
502,0.57,730,0,0,0,0,0
503,0.51,730,3,12,187.392,1,384
504,0.581,730,6,44,167.68,1,384
505,0.598,730,6,33,529.2,0.9,2160
506,0.66,730,2,12,167.68,1,384
507,0.38,730,0,0,529.2,0.9,2160
508,24.88,365,1,1,296.1,0.84,21
509,4.37,547,3,8,226.8,1.02,108
510,13.266,547,0,0,227.2,0.72,32
511,15.807,365,3,4,296.1,0.84,21
512,2.99,547,4,6,226.8,1.02,108
513,10.33,547,0,0,0,0,0
514,15.131,365,1,1,296.1,0.84,21
515,2.25,547,1,4,165.78,1.02,108
516,7.28,547,0,0,0,0,0
517,14.698,365,0,0,296.1,0.84,21
518,2.833,547,1,1,226.8,1.02,108
519,17.634,365,1,1,296.1,0.84,21
520,3.129,547,0,0,226.8,1.02,108
521,0,547,0,0,0,0,0
522,0,365,0,0,0,0,0
523,25.69,365,0,0,296.1,0.84,21
524,3.323,547,0,0,165.78,1.02,108
525,16.369,365,0,0,257.67,0.84,21
526,2.587,547,1,5,165.78,1.02,108
527,8.92,547,1,1,195.84,0.72,32
528,17.649,365,2,5,296.1,0.84,21
529,3.18,547,1,1,226.8,1.02,108
530,12.179,365,21,30,257.67,0.84,21
531,2,547,2,4,165.78,1.02,108
532,2.95,547,0,0,0,0,0
533,23.61,365,0,0,0,0,0
534,0,547,0,0,0,0,0
535,3.115,547,0,0,226.8,1.02,108
536,0,365,0,0,0,0,0
537,3.11,547,0,0,226.8,1.02,108
538,16.192,365,0,0,257.67,0.84,21
539,2.571,547,1,1,165.78,1.02,108
540,8.72,547,51,86,195.84,0.72,32
541,3.898,547,0,0,0,0,0
542,8.808,547,0,0,293.76,1.05,72
543,0,547,0,0,0,0,0
544,3.865,547,1,1,277.56,1.02,108
545,0,365,0,0,0,0,0
546,2.88,547,5,12,226.8,1.02,108
547,0,547,0,0,0,0,0
548,18.8375,365,0,0,0,0,0
549,2.808,547,0,0,226.8,1.02,108
550,9.014,547,0,0,243.84,0.72,32
551,0,365,0,0,0,0,0
552,3.277,547,0,0,165.78,1.02,108
553,0.19,547,11,11,168.48,0.45,144
554,0,547,0,0,0,0,0
555,3.37,547,1,1,226.8,1.02,108
556,0,547,0,0,0,0,0
557,0.59,547,4,5,0,0,18
558,16.066,365,0,0,257.67,0.84,21
559,3.34,547,0,0,226.8,1.02,108
560,8.82,547,0,0,221.04,1.05,72
561,21.84,547,0,0,261.12,0.72,32
562,14.683,365,8,8,257.67,0.84,21
563,2.53,547,2,2,165.78,1.02,108
564,3.03,547,0,0,0,0,0
565,13.824,547,0,0,325.12,0.8,32
566,3.7875,547,0,0,226.8,1.02,108
567,2.724,547,2,5,165.78,1.02,108
568,5.82,547,0,0,261.54,1.05,72
569,2.508,730,0,0,408,1.2,240
570,1.06,547,2,4,207.68,1,384
571,3.26,547,1,2,226.8,1.02,108
572,0.936,547,3,7,167.68,1,384
573,2.448,547,3,12,165.78,1.02,108
574,4.923,547,10,15,261.54,1.05,72
575,9.504,547,0,0,195.84,0.72,32
576,1.367,547,0,0,207.68,1,384
577,5.423,547,4,5,277.56,1.02,108
578,0,547,0,0,0,0,0
579,0.727,547,2,2,167.68,1,384
580,2.19,547,1,1,165.78,1.02,108
581,4.69,547,2,3,261.54,1.05,72
582,7.544,547,1,1,195.84,0.72,32
583,0.916,547,8,19,167.68,1,384
584,3.095,547,4,5,226.8,1.02,108
585,1.08,547,2,4,167.68,1,384
586,2.786,547,2,6,165.78,1.02,108
587,6.471,547,1,1,261.54,1.05,72
588,0.936,547,3,5,167.68,1,384
589,2.653,547,1,1,165.78,1.02,108
590,2.45,547,2,2,165.78,1.02,108
591,0.928,547,1,5,167.68,1,384
592,2.39,547,5,10,165.78,1.02,108
593,4.948,547,1,2,261.54,1.05,72
594,9.98,547,0,0,195.84,0.72,32
595,2.35,547,7,8,165.78,1.02,108
596,5.09,547,0,0,261.54,1.05,72
597,1.089,547,0,0,167.68,1,384
598,3.09,547,2,2,165.78,1.02,108
599,0,547,0,0,0,0,0
600,1.129,547,4,15,207.68,1,384
601,3.305,547,0,0,226.8,0,108
602,0.99,547,3,7,207.68,1,384
603,3.061,547,1,1,226.8,1.02,108
604,0.942,547,1,3,167.68,1,384
605,2.33,547,6,14,165.78,1.02,108
606,4.943,547,7,8,261.54,1.05,72
607,8.25,547,0,0,195.84,0.72,32
608,3.718,547,4,8,226.8,1.02,108
609,7.208,547,0,0,293.76,1.05,72
610,0.98,547,5,17,167.68,1,384
611,3.503,547,11,23,226.8,1.02,108
612,6.546,547,1,3,293.76,1.05,72
613,1.034,547,4,7,167.68,1,384
614,3.107,547,1,2,226.8,1.02,108
615,3.21,547,0,0,226.8,1.02,108
616,1.25,547,0,0,207.68,1,384
617,3.41,547,0,0,226.8,1.02,108
618,1.77,730,1,1,348.48,0.9,288
619,1.76,730,3,4,336.96,0.9,288
620,0,730,0,0,0,0,0
621,1.74,730,4,7,336.96,0.9,288
622,0,730,0,0,0,0,0
623,1.89,730,6,20,348.48,0.9,288
624,1.95,730,0,0,348.48,0.9,288
625,1.977,730,3,5,348.48,0.9,288
626,1.84,730,1,1,348.48,0.9,288
627,2.21,730,0,0,348.48,0.9,288
628,1.778,730,11,24,348.48,0.9,288
629,1.96,730,5,9,336.96,0.9,288
630,0,730,0,0,0,0,0
631,1.927,730,0,0,348.48,0.9,288
632,0,730,0,0,0,0,0
633,1.91,730,0,0,348.48,0.9,288
634,1.93,730,4,8,348.48,0.9,288
635,1.78,730,2,4,348.48,0.9,288
636,1.81,730,1,1,348.48,0.9,288
637,0,730,0,0,0,0,0
638,0.41,730,0,0,529.2,0.9,2160
639,0.37,730,0,0,529.2,0.9,2160
640,1.847,730,8,12,348.48,0.9,288
641,1.788,0,2,12,198,1.02,180
642,3.93,0,0,0,266.4,1.02,108
643,1.9,730,0,0,348.48,0.9,288
644,0,0,0,0,0,1.13,180
645,1.104,0,2,46,198,1.02,240
646,1.02,0,6,63,138,0.4,600
647,0,0,0,0,0,0.5,200
648,2.07,730,0,0,348.48,0.9,288
649,0,0,0,0,0,0.25,100
650,0,0,0,0,0,0.35,30
651,7.368,547,0,0,293.76,1.05,72
652,4.0375,0,0,0,0,0.9,45
653,4.0625,0,0,0,0,0.9,50
654,3.4625,0,0,0,0,0.6,30
655,3.4,0,0,0,0,0.35,24
656,11.3125,0,0,0,0,0.8,21
657,6.3125,0,0,0,0,0.35,24
658,2.1875,0,0,0,0,0,0
659,5.775,0,0,0,0,0.6,24
660,0,0,0,0,0,0.6,24
661,0,0,0,0,0,0,0
662,6.75,0,0,0,0,0.7,72
663,0,0,0,0,0,0,0
664,3.35,0,0,0,0,0.6,30
665,0,0,0,0,0,0,0
666,3.9,0,0,0,0,0.6,8
667,0,0,0,0,0,0.6,30
668,6.3125,0,0,0,0,0.6,24
669,0,0,0,0,0,0,0
670,0.0137,0,92,1835,800,0,200000
671,0.63,0,9,197,54,0.63,12000
672,0,0,1,5,21.6,0.6,18000
673,0,0,0,0,36,0.66,1500
674,0.0033,0,187,2777,276,1,4800
675,0.356,0,15,1444,113.4,0.75,1800
676,1.62,0,6,71,48,0.4,4800
677,0.2,0,4,225,102.5,0.4,5000
678,0,0,0,0,0,0.3,2300
679,0,0,9,135,60,0.54,600
680,0,0,0,0,0,1,2100
681,0.76,0,0,0,111.6,0.6,1200
682,0,0,0,0,84,0.7,40000
683,0,0,0,0,0,0.5,1480
684,0,0,59,1012,130.56,1.2,384
685,0,0,1,5,80,0.4,8000
686,0,0,3,330,54,0.75,1800
687,0,0,99,2122,60,0.54,600
688,0.6,0,4,130,102.5,0,5000
689,0,0,0,0,0,0.4,1200
690,0,0,1,55,0,1,800
691,0,0,10,294,52.8,0.6,4800
692,0.76,0,27,382,73.6,0.6,800
693,0,0,0,0,0,0.3,1000
694,1,0,1,74,84,0.6,8000
695,0,0,5,42,102.5,0.4,5000
696,0,0,0,0,50.4,1,800
697,0.2,0,0,0,97.6,0.6,4800
698,0,0,0,0,246,1,600
699,0,0,0,0,0,0.4,500
700,2.43,0,32,395,123.24,1.2,156
701,0,0,17,153,600,1.8,500
702,0.17,0,58,864,131.4,0.75,1800
703,0,0,0,0,0,0.6,500
704,0,0,0,0,0,1.6,400
705,0,0,19,1057,38.4,0.6,1200
706,0,0,15,261,112,1.7,350
707,12,0,7,313,189,0.6,4500
708,5,0,4,157,146.4,0.6,4800
709,0,0,0,0,0,0.25,300
710,0,0,0,0,0,1.5,300
711,1.205,0,9,212,111.6,0.75,900
712,0,0,0,0,0,0.6,150
713,1.47,0,3,4,360,2.1,300
714,0,0,5,141,84,0.73,960
715,1.47,0,19,194,20.16,0,144
716,0,0,0,0,210.24,1.2,144
717,0,0,0,0,0,0.35,200
718,0,0,0,0,0,0.3,300
719,6.8,0,11,107,136,0.48,160
720,0.3,0,0,0,420,1,200
721,0,0,6,89,183.6,0.9,1800
722,0,0,0,0,0,0.25,500
723,0,0,4,83,20,0.6,800
724,0,0,7,167,262.5,1.8,150
725,12.3,0,13,64,174,1,300
726,0,0,0,0,0,0.3,300
727,0,0,0,0,0,0.3,500
728,0,0,0,0,84,0.8,400
729,0,0,13,116,83.2,0.2,80
730,0.5,0,0,0,36,0.5,1600
731,0,0,1,10,44,0.4,800
732,0,0,4,39,50,1.8,150
733,1.5,0,4,82,2.88,0,288
734,0,0,1,30,84,0.73,960
735,4.98,0,8,20,33,0.5,1000
736,4.584,0,7,83,216,0.75,900
737,0,0,3,99,62.4,0.6,2000
738,0,0,0,0,30,0.5,600
739,0,0,2,7,43,0.4,1000
740,0,0,0,0,44,0.7,4000
741,0,0,0,0,0,0.25,200
742,0,0,0,0,45,0.6,180
743,0,0,12,103,212.4,1.8,150
744,0,0,7,38,73.6,0.4,2400
745,0,0,3,43,52,0.7,800
746,0,0,5,52,185.4,0.9,900
747,0,0,0,0,0,0.6,20
748,7.593,0,21,30,0,1.7,80
749,4.813,0,17,111,124,0.64,48
750,0,0,2,20,124,0.6,1200
751,0,0,1,20,15.72,0.9,144
752,0,0,4,40,131.4,0.9,900
753,0,0,2,32,185.4,0.75,360
754,0,0,0,0,44,0.4,4000
755,1.48,0,0,0,140.4,0.75,1800
756,0.5986,0,0,0,80,0.4,400
757,0,0,0,0,156,0.84,1200
758,0,0,0,0,0,0.3,50
759,0,0,5,8,100,0,40
760,0,0,7,27,92,0.78,32
761,0,0,0,0,0,0,0
762,0.324,0,29,37,210,0,50
763,7.98,0,0,0,80,0.4,400
764,1.47,0,0,0,0,0,0
765,0,0,2,2,272,1.36,96
766,8,0,0,0,40,0.6,100
767,0,0,0,0,0,0.6,25
768,1.0409,0,0,0,80,0.4,400
769,20,0,1,3,160,0.8,80
770,5.905,0,6,15,240,0,400
771,0,0,0,0,0,0.35,50
772,2.5,0,2,24,225,0,1500
773,0,0,1,9,146.6,0.5,1600
774,0,0,0,0,480,2,400
775,0,0,3,17,0,0.5,50
776,31,0,1,9,93,0.78,600
777,0,0,0,0,146.6,0.5,1600
778,0,0,2,57,160,1.25,1600
779,0,0,0,0,38.4,0.6,600
780,6.333,0,0,0,0,0,8
781,18,0,2,8,66,0.6,600
782,0,0,1,1,93.6,0.78,600
783,0,0,1,8,93.6,0.78,600
784,0,0,0,0,0,0,10
785,40,0,0,0,0,0,216
786,0,0,0,0,0,0.25,20
787,0,0,0,0,42.4,0.5,1000
788,0,0,1,3,93.6,0.78,600
789,0,0,1,4,93.6,0.78,600
790,0,0,0,0,20,1,80
791,0,0,0,0,0,0.3,5
792,0,0,0,0,0,0,3
793,0,0,9,278,102.5,0.4,5000
794,18,0,1,2,42.4,0.5,1000
795,0,0,0,0,93.6,0.78,600
796,0,0,0,0,0,0.6,6
797,3.643,0,0,0,0,0.35,500
798,0,0,0,0,0,0,0
799,0,0,0,0,0,0.25,500
800,0,0,0,0,93.6,0.78,600
801,34.85,0,0,0,0,0.2,20
802,0,0,0,0,0,0,0
803,0,0,0,0,0,0.25,100
804,0,0,0,0,0,0,5
805,0,0,0,0,0,0,0
806,0,0,0,0,0,0.5,10
807,0.4,0,45,407,320,1,8000
808,0,0,9,260,52.8,0.6,4800
809,0,0,2,14,9.6,0.7,80
810,0,0,0,0,15,0.15,1
811,0.4916,0,14,359,45,0.6,1800
812,0,0,0,0,0,0.3,500
813,0,0,2,4,0,0,0
814,0,0,1,200,102.5,0.4,5000
815,0,0,57,701,102.5,0.4,5000
816,0,0,3,6,432,1.19,864
817,0,0,8,36,226.8,1.2,720
818,0.348,0,6,1412,48,0.6,8000
819,0,0,0,0,24,0.5,120
820,15.96,0,9,23,36,0.5,240
821,0,0,14,162,20,0.25,12480
822,1.038,0,0,0,120,0.6,1200
823,0,0,1,16,120,0.6,2400
824,0.695,0,128,1566,249.6,0.9,1152
825,0.043,0,253,5430,54,0.9,2250
826,0,547,0,0,249.6,0,384
827,0,547,0,0,249.6,0,384
828,0,547,0,0,249.6,0,384
829,0,547,0,0,211.2,0,384
830,518.592,0,1,1,1,0.04,2
831,0,0,1,1,45,1,10
832,0,0,1,3,12.5,0.35,25
833,0,0,0,0,40,0.25,20
834,0,0,0,0,0.8,0.3,4
835,0,0,0,0,1.2,0.2,4
836,0,0,0,0,144,1.44,8
837,291.205,0,0,0,345,0.75,5
838,0,0,0,0,1.2,0.2,5
839,13.342,547,2,2,257.67,0.84,21
840,0,547,0,0,221,1.18,72
841,0,0,0,0,80,0.8,3200
842,0,0,0,0,80,0.8,3200
843,3.735,547,0,0,221.04,1.05,72
844,1.96,730,14,18,336.96,0.9,288
845,1.87,730,16,26,336.96,0.9,288
846,1.66,730,10,11,336.96,0.9,288
847,1.801,730,7,10,336.96,0.9,288
848,1.489,547,2,2,147.6,1.17,180
849,3.508,547,0,0,221.04,1.05,72
850,16.502,547,1,1,147.24,0.48,12
851,2.435,547,2,3,166,1.19,108
852,2.892,734,0,0,175.5,1.02,108
853,2.82,547,0,0,175.5,1.02,108
854,2.82,547,0,0,175.5,1.02,108
855,3.768,547,0,0,230.4,1.02,108
856,0,0,0,0,10,0.4,400
857,2.827,547,1,3,226.8,1.02,108
858,11.743,547,2,2,325.12,0.8,32
859,21.2,365,0,0,300,0.84,21
860,19.26,365,0,0,300,0.84,21
861,17.76,365,0,0,300,0.84,441
862,21.084,365,0,0,300,0.84,21
863,20.74,365,0,0,548,1.5,30
864,0,365,0,0,177,1.02,72
865,10.99,547,0,0,243.84,0.72,32
866,11.81,547,0,0,293.12,0.8,32
867,0.12,547,0,0,105.6,0.6,1920
868,0.18,547,2,640,105.6,0.6,1920
869,0.015,547,1,80,105.6,1.56,1920
870,0.006,547,8,1860,105.6,1.56,1920
871,0.192,547,9,1500,105.6,1.56,1920
872,0.2,547,4,980,105.6,1.56,1920
873,0.031,547,3,200,105.6,1.56,1920
874,0.207,547,8,2300,105.6,1.56,1920
875,0.204,547,3,979,105.6,1.56,1920
876,3.234,547,0,0,226.8,1.02,108
877,11.174,547,0,0,293.12,0.8,32
878,13.289,547,1,1,325.12,0.8,32
879,2.318,547,0,0,165.78,1.02,108
880,9.298,547,1,1,261.12,0.72,32
881,5.477,547,4,6,293.76,1.05,72
882,1.34,547,0,0,207.68,1,384
883,5.617,547,3,3,293.76,1.05,72
884,12.049,547,0,0,325.12,0.8,32
885,9.032,547,0,0,261.12,0.72,32
886,1.07,547,0,0,207.68,1,384
887,0.969,547,7,9,167.68,1,384
888,23.604,365,0,0,578.1,1.2,30
889,10.783,547,0,0,293.12,0.8,32
890,0,365,54,182,183,0.9,72
891,0,365,35,161,147,0.9,72
892,0,365,24,65,147,0.9,72
893,0,365,37,172,147,0.9,72
894,21.78,365,0,0,578,1.2,30
895,0,365,0,0,578,1.2,30
896,0.2,547,9,1140,98,1.56,1920
897,0.16,0,1,420,105.6,1.56,1920
898,0.057,547,2,720,105.6,1.56,1920
899,0.18,547,11,2280,105.6,1.56,1920
900,0.204,547,4,1640,105.6,1.56,1920
901,0,547,0,0,105.6,1.56,1920
902,0.5,0,0,0,50.4,0.5,2400
903,0.5,0,0,0,50.4,0.5,2400
904,0.2,547,1,140,105.6,1.56,1920
905,0.013,547,1,20,105.6,1.56,1920
906,15.18,365,3,3,258,0.84,21
907,16.52,547,0,0,293.12,0.8,32
908,6.339,547,0,0,261.54,1.05,72
909,4.39,547,0,0,226.8,1.02,108
910,15.94,547,0,0,325.12,0.8,32
911,18.199,547,0,0,325.12,0.8,32
912,6.98,547,0,0,293.76,1.05,72
913,14.71,547,0,0,293.12,0.8,32
914,6.12,547,0,0,261.54,1.05,72
915,7.27,547,0,0,261.54,1.05,72
916,3.68,547,0,0,226.8,1.02,108
917,2.55,547,0,0,165.78,1.02,108
918,4.84,547,0,0,226.8,1.02,108
919,1.98,547,0,0,147.6,1.17,180
920,0,0,1,23,33.6,1.2,56
921,3.17,547,0,0,226.8,1.02,108
922,0,0,0,0,400,0,200
923,1.344,0,0,0,190.6,1.2,576
924,1.344,0,6,161,190.6,1.2,576
925,0,547,0,0,105.6,1.56,1920
926,0.216,547,2,180,105.6,1.56,1920
927,0.194,547,0,0,105.6,1.56,1920
928,13.4904,547,0,0,325.12,1.19,32
929,12.249,547,12,28,325.12,0.8,32
930,0,547,6,1100,105.6,1.56,1920
931,0.24,547,5,900,105.6,1.56,1920
932,0.063,547,1,440,105.6,1.56,1920
933,0.216,547,10,1800,105.6,1.56,1920
934,0.216,547,11,2060,105.6,1.56,1920
935,0.192,547,9,1520,105.6,1.56,1920
936,0,547,3,540,105.6,1.56,1920
937,0,547,0,0,105.6,1.56,1920
938,3.441,547,0,0,226.8,1.02,108
939,0,0,3,8,210.24,1.2,144
940,0,0,4,134,180,1,900
941,0,0,58,936,128,0.8,12800
942,0,0,0,0,250,1,2500
943,0,0,0,0,250,1,2500
944,9.255,547,4,4,228,0.72,32
945,9.29,547,2,3,228,0.72,32
946,0.18,547,46,506,98,0.36,1920
947,0.01,547,2,1020,98,0.39,1920
948,0.107,547,0,0,98,1.56,1920
949,0.228,547,3,1440,98,1.56,1920
950,0.228,0,0,0,0,0,0
951,9.304,547,1,1,228,1.19,32
952,4.325,547,0,0,221,1.18,72
953,1.76,730,7,14,322.56,1.05,288
954,0.204,547,0,0,0,0,0
955,0.156,547,0,0,98,1.19,1920
956,0.17,547,67,653,105.6,0,1920
957,0.22,547,171,1560,79.2,0,1440
958,0.19,547,131,1070,105.6,0,1920
959,0.21,547,181,1545,79.2,0,1440
960,0.15,547,0,0,105.6,1.56,1920
961,0.15,547,0,0,105.6,1.56,1920
962,0.14,547,89,650,105.6,0,1920
963,0.12,547,89,640,105.6,0,1920
964,0,0,0,0,207,1.2,180
965,0,0,0,0,800,1.2,2500
966,6.35,0,19,119,92.8,1.2,160
967,2.94,0,4,115,36,1.19,180
968,0.133,0,15,155,105.6,1.19,1920
969,0,0,0,0,105.6,1.19,1920
970,0,0,0,0,105.6,1.19,1920
971,0.043,0,69,665,105.6,1.19,1920
972,0.14,0,0,0,105.6,1.19,1920
973,1.95,547,0,0,314.88,1.2,384
974,1.62,547,0,0,262.4,1.13,384
975,0,547,3,660,105.6,1.2,1920
976,0.063,547,0,0,105.6,1.56,1920
977,0.195,547,0,0,105.6,1.2,1920
978,0.18,547,5,480,105.6,1.2,1920
979,0.017,547,0,0,105.6,1.2,1920
980,0,547,0,0,105.6,1.2,1920
981,1.59,547,0,0,226.08,1.191,180
982,1.82,547,0,0,226.08,1.02,180
983,1.5,547,0,0,226.08,1.02,180
984,2.38,547,1,1,226.08,1.19,180
985,0,0,13,2430,12.6,1.19,4200
986,0,0,56,1320,96,0,384
987,1.78,0,2,59,420,1.19,2100
988,0,0,0,0,250,0,2500
989,13.354,547,1,2,259.2,0,32
990,11.074,547,1,1,259.2,0,32
991,18.1,547,14,24,641.34,0,42
992,18.22,547,0,0,641.34,0,42
993,3.829,456,52,131,502.74,0,630
994,3.91,547,0,0,502.74,0,630
995,4.2,456,2,3,502.74,0,630
996,4.58,456,0,0,502.74,0,630
997,4.49,456,0,0,502.74,0,630
998,1.94,0,12,525,60,0,1200
999,0,0,31,476,324,0,648
1000,0,0,29,2979,192,0,1600
1001,3.298,547,0,0,223.2,0,108
1002,14.55,547,0,0,325.12,0,32
1003,18.45,365,4,16,657.72,0,36
1004,12.47,547,0,0,325.12,0,32
1005,11.49,547,3,12,124.92,0,180
1006,1.04,0,172,1979,224.64,0,1728
1007,0.13,547,132,1100,105.6,0,1920
1008,0.17,547,131,1060,105.6,0,1920
1009,0.2,547,117,832,105.6,0,1920
1010,0,547,0,0,105.6,0,1920
1011,0.17,547,0,0,105.6,0,1920
1012,0,547,0,0,105.6,0,1920
1013,0,547,57,412,105.6,0,1920
1014,1.86,0,2,62,64,0,3200
1015,0.62,0,34,401,1.6,0,8000
1016,4.35,0,0,0,0,0,360
1017,0,0,15,523,28.8,0,288
1018,0,0,0,0,225,0,1500
1019,1.5,0,2,200,450,0,2500
1020,0,547,8,63,176,0,32
1021,0.532,730,0,0,163.584,0,384
1022,0,0,13,468,160,0,40000
1023,0,0,29,516,240,0,60000
1024,6.05,547,0,0,226.8,0,108
1025,0,0,4,70,84,0,120
1026,0,0,0,0,19.2,0,48
1027,3.27,547,0,0,262.98,1.19,108
1028,0.18,547,49,421,96,0,1920
1029,0.18,547,52,446,96,0,1920
1030,0.869,730,2,4,180.48,0,384
1031,0,0,126,132,92.4,0,132
1032,0,0,0,0,20.16,0,144
1033,2.76,730,0,0,336.96,0,288
1034,0.94,547,0,0,159.36,0,384
1035,0,547,82,690,105.6,0,1920
1036,0,547,89,590,105.6,0,1920
1037,0,547,66,540,105.6,0,1920
1038,0,0,1,3,3,0,1
1039,0,0,1,2,5,0,1
1040,0,0,0,0,100,0,5
1041,0,0,1,2,90,0,18
1042,0,730,0,0,322.56,0,288
1043,0,0,54,621,330,0,6000
1044,0,0,80,1603,25,0,2500
1045,0,730,0,0,322.56,0,288
1046,0,0,0,0,250,0,2500
1047,0,0,0,0,84,0,120
1048,0,0,0,0,92.8,0,160
1049,0,0,0,0,3.37,0,1
1050,0,0,0,0,8.28,0,2
1051,0,0,0,0,2.7,0,10
1052,0,0,0,0,2.7,0,10
1053,0,0,0,0,8.67,0,1
1054,0,0,0,0,6.55,0,1
1055,0,0,0,0,4.37,0,1
1056,0,0,0,0,5.47,0,1
1057,0,0,0,0,20,0,1
1058,0,0,0,0,14.06,0,1
1059,0,0,0,0,50,0,100
1060,0,0,2,6,94.14,0,6
1061,0,547,0,0,105.6,0,1920
1062,0,0,8,115,96,0,240
1063,0,0,0,0,518.4,0,1920
1064,0,0,0,0,173.6,0,248
1065,0,0,0,0,210,0,50
1066,0,730,0,0,336.96,0.9,288
1067,0,547,0,0,220.32,0,108
1068,0,547,0,0,105.6,0,1920
1069,0,0,0,0,9.12,0,48
1070,0,0,0,0,2.7,0,10
1071,0,0,1,1,13.36,0,4
1072,0,0,6,150,77.76,0,288
1073,0.0576,547,0,0,105.6,1.56,1920
1074,0.086,547,7,840,105.6,1.56,1920
1075,0,547,0,0,0,0,0
1076,0,547,0,0,0,0,0
1077,0.19,547,0,0,0,0,0
1078,0.006,547,15,1800,105.6,1.56,1920
1079,0.2,547,8,1800,105.6,1.56,1920
1080,0,547,0,0,0,0,0
1081,0,547,0,0,0,0,0
1082,0.058,547,22,2760,105.6,1.56,1920
1083,0,547,0,0,0,0,0
1084,0,547,0,0,0,0,0
1085,0,547,0,0,0,0,0
1086,0.106,547,9,1080,105.6,1.56,1920
1087,0.096,547,17,2542,105.6,1.56,1920
1088,0.107,547,1,60,105.6,1.56,1920
1089,0.15,547,310,9142,105.6,1.56,1920
1090,0,547,0,0,0,0,0
1091,0.195,547,15,2040,105.6,1.56,1920
1092,0.2375,547,0,0,0,0,0
1093,0.2,547,15,2280,105.6,1.56,1920
1094,0.04,547,12,1800,105.6,1.56,1920
1095,0.25,547,0,0,0,0,0
1096,0.033,547,1,780,105.6,1.56,1920
1097,0,547,14,1360,105.6,1.56,1920
1098,0.264,547,6,659,105.6,1.56,1920
1099,0.17,547,0,0,0,0,0
1100,0.2,547,3,260,105.6,1.56,1920
1101,0,547,0,0,0,0,0
1102,0.063,547,21,3300,105.6,1.56,1920
1103,0,547,0,0,0,0,0
1104,0.17,547,0,0,0,0,0
1105,0,547,0,0,0,0,0
1106,0.3,547,0,0,0,0,0
1107,0.16,547,0,0,0,0,0
1108,0.0036,547,29,2658,105.6,1.56,1920
1109,0,547,0,0,0,0,0
1110,0.194,547,12,1620,105.6,1.56,1920
1111,0.135,547,0,0,105.6,1.56,1920
1112,0.016,547,13,1140,105.6,1.56,1920
1113,0.015,547,15,1620,105.6,1.56,1920
1114,0.015,547,9,660,105.6,1.56,1920
1115,0,547,0,0,0,0,0
1116,0,547,0,0,0,0,0
1117,0.16,547,0,0,105.6,1.56,1920
1118,0.057,547,0,0,0,0,0
1119,0.18,547,0,0,0,0,0
1120,0,547,0,0,0,0,0
1121,0.14,547,11,1920,105.6,0,1920
1122,0.12,547,11,1920,105.6,0,1920
1123,0.144,547,0,0,105.6,1.56,1920
1124,0,547,0,0,0,0,0
1125,0,547,0,0,0,0,0
1126,0,547,0,0,0,0,0
1127,0,547,0,0,0,0,0
1128,0.048,547,0,0,105.6,1.56,1920
1129,0.15,547,0,0,105.6,1.56,1920
1130,0.25,547,0,0,0,0,0
1131,0.24,547,1,1,0,0,0
1132,0.2375,547,109,1950,105.6,0,1920
1133,0.13,547,85,3945,105.6,0,1920
1134,0,547,0,0,0,0,0
1135,0.22,547,17,3000,79.2,0,1440
1136,0,547,0,0,0,0,0
1137,0,547,83,3365,105.6,0,1920
1138,0.26,547,73,960,0,0,0
1139,0,547,0,0,0,0,0
1140,0.18,547,4,660,96,0,1920
1141,0.133,547,70,1535,105.6,1.56,1920
1142,0,547,0,0,0,0,0
1143,0.17,547,88,4490,105.6,0,1920
1144,0,547,0,0,0,0,0
1145,0.2,547,90,3468,105.6,0,1920
1146,0.21,547,84,3860,79.2,0,1440
1147,0,547,0,0,0,0,0
1148,0.19,547,12,1920,105.6,0,1920
1149,0,547,0,0,0,0,0
1150,0,547,0,0,0,0,0
1151,0.15,547,1,120,105.6,1.56,1920
1152,0,547,5,900,105.6,0,1920
1153,0.2,547,53,2315,105.6,0,1920
1154,0.175,547,0,0,0,0,0
1155,0.14,547,10,1920,105.6,0,1920
1156,0,547,0,0,0,0,0
1157,0,547,0,0,0,0,0
1158,0,547,0,0,0,0,0
1159,0.15,547,0,0,105.6,1.56,1920
1160,0.18,547,9,1180,98,0.36,1920
1161,1.881,730,5071,13432,336.96,0.9,288
1162,0.375,730,806,6840,352.8,0.6,1440
1163,0,730,0,0,362.88,0,3456
1164,0.225,730,0,0,362.88,0,3456
1165,0,547,0,0,0,0,0
1166,0.39,730,2333,16707,352.8,0.06,1440
1167,0.49,0,0,0,0,0,0
1168,0.37,730,989,7509,352.8,0.6,1440
1169,0.34,730,170,1312,352.8,0.6,1440
1170,0.35,730,1158,8547,352.8,0.6,1440
1171,0.353,730,81,388,352.8,0.6,1440
1172,0.35,730,200,1390,352.8,0.6,1440
1173,0.41,730,357,2676,352.8,0.6,1440
1174,0.598,730,572,8001,352.8,0.6,1440
1175,0.37,730,278,2290,352.8,0.6,1440
1176,0.38,730,5,50,352.8,0.6,1440
1177,0,730,0,0,0,0,0
1178,5.27,365,273,414,66.96,0.94,216
1179,5.611,365,121,181,167.68,1,384
1180,0,730,0,0,0,0,0
1181,0.87,547,5333,19843,167.68,1,384
1182,0.858,547,2902,7784,167.68,1,384
1183,0.896,547,1386,4041,167.68,1,384
1184,0.84,547,1200,2570,167.68,1,384
1185,0.969,547,2195,5687,167.68,1,384
1186,0.899,547,4277,14018,167.68,1,384
1187,1,547,2384,5789,167.68,1,384
1188,1.24,547,2313,5201,167.68,1,384
1189,0.94,547,1051,2524,167.68,1,384
1190,0.877,547,5099,18645,167.68,1,384
1191,0.83,547,4725,14656,167.68,1,384
1192,0.88,547,2397,5188,167.68,1,384
1193,0.82,547,3564,10013,167.68,1,384
1194,0.794,547,3551,10209,167.68,1,384
1195,0.939,547,4256,13653,167.68,1,384
1196,0.99,547,4720,14854,167.68,1,384
1197,0.79,547,4181,11732,167.68,1,384
1198,0.87,547,1068,2819,167.68,1,384
1199,0.821,547,724,2296,167.68,1,384
1200,0.747,547,1432,4093,167.68,1,384
1201,0.9,547,991,2820,167.68,1,384
1202,0.84,547,1613,4569,167.68,1,384
1203,0.837,547,3921,11679,167.68,1,384
1204,0.86,547,3283,10523,167.68,1,384
1205,0.8,547,5497,19560,167.68,1,384
1206,0.86,547,2506,6900,167.68,1,384
1207,1.03,547,468,1926,167.68,1,384
1208,0.924,547,1433,3550,167.68,1,384
1209,0.76,547,4469,15154,167.68,1,384
1210,0.94,547,766,1923,167.68,1,384
1211,0.9,547,1622,4534,167.68,1,384
1212,0.826,547,5655,26125,167.68,1,384
1213,0.978,547,1728,4567,167.68,1,384
1214,0.91,547,2656,7782,167.68,1,384
1215,0.581,730,1596,16782,167.68,1,384
1216,0.66,730,443,3717,167.68,1,384
1217,0,730,0,0,476.928,0,1152
1218,0.9,547,1185,4051,167.68,1,384
1219,0.92,547,1282,4668,167.68,1,384
1220,0,547,0,0,159.36,0,384
1221,0.91,547,815,1918,167.68,1,384
1222,0.981,547,692,2299,167.68,1,384
1223,1.04,547,98,301,167.68,1,384
1224,1.05,547,140,286,167.68,1,384
1225,0.81,547,548,1647,167.68,1,384
1226,0.82,547,597,1626,167.68,1,384
1227,1.069,547,878,2628,167.68,1,384
1228,0.81,547,552,1386,167.68,1,384
1229,0.894,547,457,1119,167.68,1,384
1230,0.98,547,2090,8536,167.68,1,384
1231,0.916,547,2430,8422,167.68,1,384
1232,1.034,547,457,1271,167.68,1,384
1233,0.727,547,608,1734,167.68,1,384
1234,0.94,0,0,0,0,0,0
1235,0.936,547,535,1412,167.68,1,384
1236,0.928,547,918,3004,167.68,1,384
1237,0.942,547,550,1431,167.68,1,384
1238,1.08,547,872,2598,167.68,1,384
1239,1.089,547,233,594,167.68,1,384
1240,0.936,547,2449,8765,167.68,1,384
1241,0.6,730,43,180,187.392,1,384
1242,0.568,730,17,59,187.392,1,384
1243,0.54,730,240,2039,187.392,1,384
1244,0.51,730,860,7920,187.392,1,384
1245,0.57,730,1,6,0,0,0
1246,0.56,730,480,3401,187.392,1,384
1247,0.64,730,0,0,0,0,0
1248,0.52,730,461,3316,187.392,1,384
1249,0.56,730,843,7260,180.48,1,384
1250,0,730,0,0,0,0,0
1251,0,730,0,0,0,0,0
1252,0,730,0,0,0,0,0
1253,0.19,547,33,990,907.2,0.495,2025
1254,0,547,0,0,197.76,0,384
1255,0,547,0,0,197.76,0,384
1256,1.042,547,3085,7886,207.68,1,384
1257,0.976,547,158,450,207.68,1,384
1258,1.137,547,1061,2207,207.68,1,384
1259,1.11,547,456,862,207.68,1,384
1260,0.954,547,411,765,207.68,1,384
1261,0.934,547,46,142,207.68,1,384
1262,1.29,547,841,1506,207.68,1,384
1263,0,547,0,0,197.76,0,384
1264,1.143,547,552,1010,207.68,1,384
1265,0,547,0,0,197.76,0,384
1266,0,547,0,0,197.76,0,384
1267,0,547,0,0,197.76,0,384
1268,1.07,547,362,899,207.68,1,384
1269,0,547,0,0,197.76,0,384
1270,0.962,547,343,1370,207.68,1,384
1271,0.992,547,4218,11574,207.68,1,384
1272,0.998,547,2052,4072,207.68,1,384
1273,0.59,547,98,500,777.6,0.4,1440
1274,0,547,0,0,197.76,0,384
1275,1.05,547,903,1863,207.68,1,384
1276,0.975,547,0,0,207.68,1,384
1277,0,547,0,0,197.76,0,384
1278,0,547,0,0,0,0,0
1279,0,547,0,0,0,0,0
1280,1.13,547,1803,3849,207.68,1,384
1281,0.965,547,3788,8291,207.68,1,384
1282,0.98,547,2731,5544,207.68,1,384
1283,0,547,0,0,197.76,0,384
1284,1.13,547,159,629,207.68,1,384
1285,1.08,547,2,5,207.68,1,384
1286,1.575,547,0,0,207.68,1,384
1287,1.34,547,202,411,207.68,1,384
1288,1.129,547,246,592,207.68,1,384
1289,1.367,547,1299,3611,207.68,1,384
1290,1.06,547,1257,4333,207.68,1,384
1291,0.99,547,629,1482,207.68,1,384
1292,1.74,0,0,0,0,0,0
1293,1.83,0,0,0,0,0,0
1294,1.62,0,0,0,0,0,0
1295,1.95,0,0,0,0,0,0
1296,1.78,0,2,41,147.6,0,180
1297,2.04,0,0,0,147.6,1.17,180
1298,1.98,0,0,0,147.6,1.17,180
1299,1.6,0,68,925,147.6,0,180
1300,0,0,0,0,0,0,0
1301,0,0,0,0,0,0,0
1302,1.5,365,1143,26411,147.6,1.17,180
1303,1.23,0,140,2535,147.6,0,180
1304,0,0,0,0,0,0,0
1305,1.3,547,165,3710,147.6,1.17,180
1306,1.42,0,100,2324,147.6,1.17,180
1307,1.9875,0,0,0,0,0,0
1308,1.98,0,34,1071,147.6,0,180
1309,1.35,365,728,17953,147.6,1.17,180
1310,1.6,0,0,0,147.6,0,180
1311,1.34,0,354,10785,147.6,1.17,180
1312,1.65,547,860,2027,147.6,1.17,180
1313,1.7244,0,0,0,147.6,1.17,180
1314,1.79,0,0,0,148,1.17,180
1315,1.58,365,195,4354,147.6,1.17,180
1316,1.36,547,4718,14211,147.6,1.17,180
1317,1.63,547,1212,2419,147.6,1.17,180
1318,1.58,547,1029,1678,147.6,1.17,180
1319,1.61,547,1923,3913,147.6,1.17,180
1320,0,547,0,0,147.6,0,180
1321,1.53,547,3231,8747,147.6,1.17,180
1322,1.35,547,2238,3762,147.6,1.17,180
1323,0,547,0,0,147.6,0,180
1324,1.8375,547,3,5,147.6,0,180
1325,1.331,547,341,1015,147.6,1.17,180
1326,1.51,547,5,167,147.6,1.17,180
1327,1.391,547,109,216,147.6,1.17,180
1328,2.41,547,0,0,198,1.02,180
1329,0,547,0,0,0,0,0
1330,1.86,0,0,0,198,1.02,180
1331,0,547,0,0,0,0,0
1332,1.75,547,693,1352,198,1.02,180
1333,0,547,0,0,0,0,0
1334,0,547,0,0,0,0,0
1335,0,547,0,0,0,0,0
1336,1.8,0,0,0,0,1.1,180
1337,1.97,365,0,0,198,1.02,180
1338,1.67,0,0,0,0,0,0
1339,1.698,547,973,2809,198,1.02,180
1340,1.578,547,1153,3186,198,1.02,180
1341,0,547,0,0,0,0,0
1342,1.932,547,91,564,198,1.02,180
1343,1.59,547,923,2737,198,1.02,180
1344,0,547,0,0,0,0,0
1345,1.682,547,1344,2489,198,1.02,180
1346,1.5,547,3,75,183.6,0,180
1347,0,547,0,0,0,0,0
1348,1.72,547,5,156,198,1.02,180
1349,0,547,0,0,0,0,0
1350,1.88,730,1739,2933,336.96,0.9,288
1351,1.72,730,890,1472,336.96,0.9,288
1352,1.95,730,4702,9221,336.96,0.9,288
1353,1.65,730,2766,4763,336.96,0.9,288
1354,1.789,730,5559,13924,336.96,0.9,288
1355,1.57,730,2476,3907,336.96,0.9,288
1356,2.04,730,2760,4809.7,336.96,0.9,288
1357,1.8,730,778,1198,336.96,0.9,288
1358,1.829,730,1461,2335,336.96,0.9,288
1359,1.85,730,3130,6591,336.96,0.9,288
1360,1.85,730,2278,4413,336.96,0.9,288
1361,1.818,730,3154,6142,336.96,0.9,288
1362,0,730,0,0,0,0,0
1363,1.74,730,1696,2909,336.96,0.9,288
1364,1.76,730,2346,5210,336.96,0.9,288
1365,1.96,730,1447,2573,336.96,0.9,288
1366,1.82,730,4314,9808,336.96,0.9,288
1367,1.76,730,2409,4410,336.96,0.9,288
1368,1.857,730,1055,1696,336.96,0.9,288
1369,1.742,730,2774,4351,336.96,0.9,288
1370,2.21,730,0,0,349.2,0.9,288
1371,0.1963,730,0,0,362.88,0,3456
1372,1.93,730,498,1004,348.48,0.9,288
1373,1.91,730,579,1062,348.48,0.9,288
1374,0.2125,730,0,0,362.88,0,3456
1375,2.07,730,360,646,349.2,0.9,288
1376,0,730,0,0,0,0,0
1377,0,730,0,0,0,0,0
1378,0.25,730,0,0,380.16,0,3456
1379,0,730,0,0,362.88,0,3456
1380,1.81,730,311,527,348.48,0.9,288
1381,0,730,0,0,362.88,0,3456
1382,1.9,730,444,815,348.48,0.9,288
1383,1.95,730,1552,2635,349.2,0.9,288
1384,0.22,730,0,0,362.88,0,3456
1385,0,730,0,0,0,0,0
1386,0,730,0,0,0,0,0
1387,0,730,0,0,0,0,0
1388,2.69,547,0,0,165.78,1.02,108
1389,2.5,547,92,236,165.78,1.02,108
1390,2.592,547,1814,3783,165.78,1.02,108
1391,0,547,0,0,165.78,0,108
1392,2.4,547,3263,7361,165.78,1.02,108
1393,2.39,547,543,908,165.78,1.02,108
1394,2.502,547,836,1262,165.78,1.02,108
1395,2.515,547,494,895,165.78,1.02,108
1396,2.385,547,1180,2392,165.78,1.02,108
1397,2.201,547,253,772,165.78,0,108
1398,2.28,547,890,1767,165.78,1.02,108
1399,2.263,547,1984,4360,165.78,1.02,108
1400,2.239,547,68,345,165.78,1.02,108
1401,2.318,547,395,639,165.78,1.02,108
1402,2.063,547,1010,1917,165.78,1.02,108
1403,2.318,547,4580,12219,165.78,1.02,108
1404,2.345,547,989,1879,165.78,1.02,108
1405,2.263,547,1568,3297,165.78,1.02,108
1406,2.259,547,1200,2489,165.78,1.02,108
1407,2.37,547,1039,2181,165.78,1.02,108
1408,2.357,547,2920,7774,165.78,1.02,108
1409,2.32,547,938,1701,165.78,1.02,108
1410,2.205,547,778,1566,165.78,1.02,108
1411,2.48,547,0,0,165.78,0,108
1412,2.355,547,693,1286,165.78,1.02,108
1413,2.25,547,450,866,165.78,1.02,108
1414,2.19,547,1072,2170,165.78,1.02,108
1415,0,730,0,0,348,1.05,288
1416,2.35,547,1006,2272,165.78,1.02,108
1417,2.724,547,700,1371,165.78,1.02,108
1418,0,547,0,0,165.78,0,108
1419,2.59,547,659,1034,165.78,1.02,108
1420,2.362,547,3244,6334,165.78,1.02,108
1421,2.39,547,2061,3413,165.78,1.02,108
1422,2.7,547,38,81,165.78,0,108
1423,2.63,547,0,0,165.78,1.02,108
1424,2.41,547,1,3,165.78,1.02,108
1425,2.343,730,1123,2219,443.52,1.05,288
1426,2.42,730,821,1398,443.52,1.05,288
1427,2.6,547,1,1,165.78,1.02,108
1428,3.456,730,0,0,443.52,1.05,288
1429,0,547,0,0,165.78,0,108
1430,2.39,547,1272,3747,165.78,1.02,108
1431,2.33,547,1487,3951,165.78,1.02,108
1432,2.448,547,3495,12427,165.78,1.02,108
1433,2.294,547,1642,3859,165.78,1.02,108
1434,2.296,547,1940,5123,165.78,1.02,108
1435,2.24,547,0,0,165.78,0,108
1436,2.438,547,1197,2287,165.78,1.02,108
1437,2.701,547,961,2084,165.78,1.02,108
1438,2.282,547,174,284,165.78,1.02,108
1439,3.206,547,269,417,165.78,1.02,108
1440,2.616,547,583,1440,165.78,1.02,108
1441,2.38,547,1023,2155,165.78,1.02,108
1442,2.595,547,1192,2818,165.78,1.02,108
1443,2.23,547,460,910,165.78,1.02,108
1444,2.435,547,257,670,165.78,1.02,108
1445,2.591,547,373,738,165.78,1.02,108
1446,2.653,547,730,1375,165.78,1.02,108
1447,2.786,547,1108,2080,165.78,1.02,108
1448,2.53,547,429,976,165.78,1.02,108
1449,2,547,999,2359,165.78,1.02,108
1450,2.587,547,1364,2791,165.78,1.02,108
1451,2.95,547,0,0,165.78,0,108
1452,2.875,547,0,0,165.78,0,108
1453,3.277,547,206,528,165.78,1.02,108
1454,2.571,547,428,994,165.78,1.02,108
1455,3.323,547,473,876,165.78,1.02,108
1456,3.09,547,374,789,165.78,1.02,108
1457,2.45,547,462,831,165.78,1.02,108
1458,0,547,0,0,165.78,0,108
1459,0,547,0,0,165.78,0,108
1460,0,547,0,0,165.78,0,108
1461,0,547,0,0,325.12,0,32
1462,16.7375,547,0,0,321.6,0,32
1463,12.949,547,1778,2563,325.12,0.8,32
1464,12.854,547,167,247,325.12,0.8,32
1465,12.049,547,398,689,325.12,0.8,32
1466,12.517,547,2358,3139,325.12,0.8,32
1467,12.794,547,73,106,325.12,0.8,32
1468,13.88,0,0,0,0,0,0
1469,11.941,547,88,141,325.12,0.8,32
1470,14.78,547,278,384,325.12,0.8,32
1471,12.584,547,1558,2063,325.12,0.8,32
1472,12.353,547,764,960,325.12,0.8,32
1473,11.579,547,631,922,325.12,0.8,32
1474,13.289,547,202,258,325.12,0.8,32
1475,12.716,547,2387,3376,325.12,0.8,32
1476,10.807,547,1016,1551,325.12,0.8,32
1477,11.917,547,187,250,325.12,0.8,32
1478,10.93,547,1501,2240,325.12,0.8,32
1479,12.685,547,2888,4338,325.12,0.8,32
1480,11.787,547,397,628,325.12,0.8,32
1481,13.152,547,247,470,325.12,0.8,32
1482,12.39,547,1,31,325.12,0.8,32
1483,11.795,547,2685,4086,325.12,0.8,32
1484,11.577,547,6325,12218,325.12,0.8,32
1485,12.689,547,318,801,325.12,0.8,32
1486,12.585,547,264,397,325.12,0.8,32
1487,9.38,547,86,135,325.12,0.8,32
1488,0,547,0,0,325.12,0,32
1489,15.81,547,0,0,325.12,0,32
1490,10.063,547,163,294,325.12,0.8,32
1491,11.801,547,712,999,325.12,0.8,32
1492,12.249,547,996,1555,325.12,0.8,32
1493,12.301,547,246,261,325.12,0.8,32
1494,11.84,547,39,70,325.12,0.8,32
1495,10.947,547,41,44,325.12,0.8,32
1496,0,547,0,0,325.12,0,32
1497,14.402,547,21,57,325.12,0.8,32
1498,0,547,0,0,325.12,0,32
1499,13.194,365,146,309,404.64,1.2,36
1500,13.354,365,233,596,441.72,1.44,36
1501,15.808,365,154,387,515.34,1.68,42
1502,0,365,0,0,0,0,0
1503,16.201,365,403,766,515.34,1.68,42
1504,0,365,0,0,0,0,0
1505,15.04,365,0,0,0,0,0
1506,0,365,0,0,0,0,0
1507,15.318,365,448,924,515.34,1.68,42
1508,14.919,365,944,2578,515.34,1.68,42
1509,15.316,365,187,407,515.34,1.68,42
1510,14.568,365,743,1747,515.34,1.68,42
1511,16.76,365,0,0,0,0,0
1512,17.113,365,1226,3392,441.72,1.44,36
1513,14.783,365,379,927,515.34,1.68,42
1514,16.333,365,286,545,515.34,1.68,42
1515,0,365,0,0,0,0,0
1516,0,365,0,0,0,0,0
1517,0,0,0,0,0,0,0
1518,0,0,0,0,0,0,0
1519,0,0,0,0,0,0,0
1520,0,0,0,0,0,0,0
1521,0,365,0,0,0,0,0
1522,14.692,365,467,1072,441.72,1.44,36
1523,0,365,0,0,0,0,0
1524,0,365,0,0,0,0,0
1525,0,365,0,0,0,0,0
1526,15.18,365,32,49,258,0.84,21
1527,14.683,365,136,171,257.67,0.84,21
1528,12.179,365,338,497,257.67,0.84,21
1529,16.369,365,217,262,257.67,0.84,21
1530,16.066,365,43,64,257.67,0.84,21
1531,16.192,365,287,404,257.67,0.84,21
1532,0,365,0,0,0,0,0
1533,0,365,0,0,0,0,0
1534,17.76,0,0,0,0,0,0
1535,17.02,365,0,0,338.4,0.96,24
1536,0,0,0,0,0,0,0
1537,19.63,365,0,0,338.4,0.96,24
1538,21.2,0,0,0,0,0,0
1539,0,365,0,0,299.67,0,21
1540,0,365,0,0,299.67,0,21
1541,0,365,0,0,256.86,0,18
1542,0,365,0,0,299.67,0,21
1543,0,365,0,0,299.67,0,21
1544,24.88,365,568,833,296.1,0.84,21
1545,15.131,365,150,188,296.1,0.84,21
1546,16.66,365,95,180,507.6,1.44,36
1547,0,365,0,0,299.67,0,21
1548,16.659,365,370,810,296.1,0.84,21
1549,0,365,0,0,299.67,0,21
1550,0,365,0,0,299.67,0,21
1551,0,365,0,0,299.67,0,21
1552,15.736,365,209,355,296.1,0.84,21
1553,18.054,365,77,116,296.1,0.84,21
1554,0,365,0,0,299.67,0,21
1555,19.76,365,0,0,296.1,0.84,21
1556,17.649,365,34,81,296.1,0.84,21
1557,0,365,0,0,299.67,0,21
1558,15.807,365,842,1144,296.1,0.84,21
1559,0,365,0,0,299.67,0,21
1560,23.6225,365,0,0,296.1,0.84,21
1561,20.3,365,0,0,299.67,0,21
1562,14.698,365,190,238,296.1,0.84,21
1563,18.1656,365,0,0,296.1,0.84,21
1564,0,365,0,0,299.67,0,21
1565,25.69,365,122,162,296.1,0.84,21
1566,17.634,365,109,144,296.1,0.84,21
1567,17.568,365,53,104,320.67,0.84,21
1568,20.45,365,180,389,549.72,1.44,36
1569,17.03,365,12,23,274.86,0,18
1570,0,365,0,0,641.34,0,42
1571,0,365,0,0,641.34,0,42
1572,16.201,365,162,447,641.34,1.68,42
1573,18.308,365,200,452,641.34,1.68,42
1574,16.879,365,373,600,641.34,1.68,42
1575,17.039,365,754,1555,641.34,1.68,42
1576,19.72,365,453,725,641.34,1.68,42
1577,14.658,365,490,910,641.34,1.68,42
1578,0,365,0,0,320.67,0,21
1579,0,365,0,0,641.34,0,42
1580,16.75,365,770,1980,641.34,1.68,42
1581,19.483,365,106,197,320.67,0.84,21
1582,15.355,365,1172,3211,641.34,1.68,42
1583,16.238,365,2713,7696,641.34,1.68,42
1584,14.082,365,1346,2988,641.34,1.68,42
1585,16.215,365,704,1584,641.34,1.68,42
1586,19.267,365,263,496,641.34,1.68,42
1587,0,365,0,0,641.34,0,42
1588,0,365,0,0,641.34,0,42
1589,0,365,0,0,641.34,0,42
1590,20.251,365,1596,3991,641.34,1.68,42
1591,5.204,547,1324,2983,293.76,1.05,72
1592,20.01,365,904,2159,641.34,1.68,42
1593,0,365,0,0,641.34,0,42
1594,14.941,365,532,786,641.34,1.68,42
1595,0,365,0,0,549.72,0,36
1596,15.322,365,112,310,641.34,1.68,42
1597,16.46,365,0,0,0,0,0
1598,0,365,0,0,641.34,0,42
1599,18.282,365,65,99,341.67,0.98,21
1600,20.738,365,249,442,621.72,1.8,36
1601,20.525,365,100,176,621.72,1.8,36
1602,0,365,0,0,621.72,0,36
1603,22.4125,365,0,0,621.72,1.8,36
1604,19.534,365,42,126,621.72,1.8,36
1605,19.315,365,372,707,621.72,1.8,36
1606,21.115,365,309,735,621.72,1.8,36
1607,18.795,365,271,382,621.72,1.8,36
1608,25.24,365,44,50,621.72,1.8,36
1609,0,365,0,0,621.72,0,36
1610,0,365,0,0,621.72,0,36
1611,0,365,0,0,657.72,0,36
1612,0,365,0,0,328.86,0,18
1613,19.42,365,22,29,657.72,0,36
1614,20.58,0,0,0,548.1,1.2,30
1615,16.57,0,0,0,548.1,0,30
1616,0,0,0,0,548.1,0,30
1617,26.21,0,0,0,548.1,0,30
1618,20.74,0,0,0,548.1,1.2,30
1619,21.824,365,94,159,548.1,1.2,30
1620,22.236,365,162,241,548.1,1.2,30
1621,0,0,0,0,578.1,1.2,30
1622,0,0,0,0,578.1,1.2,30
1623,2.942,547,2785,6293,226.8,1.02,108
1624,3.192,547,1732,3082,226.8,1.02,108
1625,3.115,547,221,361,226.8,1.02,108
1626,3.105,547,5008,15897,226.8,1.02,108
1627,3.077,547,1408,2941,226.8,1.02,108
1628,3.234,547,983,1752,226.8,1.02,108
1629,3.103,547,526,788,226.8,1.02,108
1630,2.887,547,1558,3151,226.8,1.02,108
1631,2.88,547,1361,2392,226.8,1.02,108
1632,3.561,547,1785,3384,226.8,1.02,108
1633,3.072,547,3267,6794,226.8,1.02,108
1634,2.979,547,1937,3994,226.8,1.02,108
1635,2.849,547,2317,4390,226.8,1.02,108
1636,2.8,547,1820,3695,226.8,1.02,108
1637,2.933,547,4157,10751,226.8,1.02,108
1638,3.67,547,2109,4368,226.8,1.02,108
1639,3.08,547,401,811,226.8,1.02,108
1640,2.78,547,393,879,226.8,1.02,108
1641,3.014,547,2930,5623,226.8,1.02,108
1642,2.736,547,1693,3295,226.8,1.02,108
1643,3.3,547,512,819,226.8,1.02,108
1644,2.999,547,1489,2952,226.8,1.02,108
1645,2.608,547,3028,6975,226.8,1.02,108
1646,3.04,547,1406,2882,226.8,1.02,108
1647,2.83,547,1343,2977,226.8,1.02,108
1648,0,547,0,0,220.32,0,108
1649,2.722,547,186,299,220.32,0,108
1650,2.72,547,3111,6427,226.8,1.02,108
1651,2.853,547,1551,3426,226.8,1.02,108
1652,3.08,547,1244,2154,226.8,1.02,108
1653,2.905,547,5793,22604,226.8,1.02,108
1654,2.596,547,4907,13930,226.8,1.02,108
1655,2.54,547,1854,3332,226.8,1.02,108
1656,2.955,547,2317,5420,226.8,1.02,108
1657,2.71,547,1611,3137,226.8,1.02,108
1658,4.37,547,1317,2840,226.8,1.02,108
1659,3.129,547,609,984,226.8,1.02,108
1660,3.26,547,1193,2210,226.8,1.02,108
1661,0,547,0,0,0,0,0
1662,2.95,547,1120,1841,226.8,1.02,108
1663,3.181,547,1163,2108,226.8,1.02,108
1664,3.01,547,0,0,226.8,1.02,108
1665,2.833,547,923,1695,226.8,1.02,108
1666,3.11,547,124,300,226.8,1.02,108
1667,2.774,547,741,1678,226.8,1.02,108
1668,3.115,547,176,455,226.8,1.02,108
1669,2.93,547,436,768,226.8,1.02,108
1670,2.956,547,390,680,226.8,1.02,108
1671,3.129,547,180,304,226.8,1.02,108
1672,3.898,547,188,335,226.8,1.02,108
1673,5.12,0,0,0,0,0,0
1674,3.718,547,642,1258,226.8,1.02,108
1675,3.503,547,2279,5341,226.8,1.02,108
1676,3.095,547,2170,4877,226.8,1.02,108
1677,3.107,547,637,1208,226.8,1.02,108
1678,3.305,547,364,600,226.8,1.02,108
1679,0,547,0,0,220.32,0,108
1680,3.18,547,199,270,226.8,1.02,108
1681,2.808,547,377,687,226.8,1.02,108
1682,2.99,547,2165,5614,226.8,1.02,108
1683,2.88,547,159,400,226.8,1.02,108
1684,3.37,547,201,351,226.8,1.02,108
1685,4.55,547,0,0,220.32,0,108
1686,3.34,547,120,267,226.8,1.02,108
1687,3.21,547,957,1683,226.8,1.02,108
1688,3.41,547,524,871,220.32,0,108
1689,3.061,547,715,1242,226.8,1.02,108
1690,3.03,547,0,0,220.32,0,108
1691,0,0,0,0,0,0,0
1692,4.575,0,0,0,0,0,0
1693,3.93,0,0,0,0,0,0
1694,3.55,0,1,18,266.4,1.02,108
1695,4.7,0,0,0,0,0,108
1696,0,0,0,0,0,0,0
1697,5.423,547,1426,2442,277.56,1.02,108
1698,3.865,547,431,968,277.56,1.02,108
1699,0,365,0,0,730.8,0,36
1700,24.825,365,112,378,730.8,1.8,36
1701,18.016,365,373,723,730.8,1.8,36
1702,0,365,0,0,730.8,0,36
1703,14.96,365,24,45,730.8,1.8,36
1704,21.478,365,447,858,730.8,1.8,36
1705,20.015,365,440,833,730.8,1.8,36
1706,0,365,0,0,730.8,0,36
1707,0,365,0,0,730.8,0,36
1708,21.845,365,1172,2203,730.8,1.8,36
1709,27.3125,365,0,0,730.8,0,36
1710,0,365,0,0,730.8,0,36
1711,26.54,365,492,794,730.8,1.8,36
1712,21.37,365,0,0,730.8,1.8,36
1713,18.804,365,908,1501,730.8,1.8,36
1714,20.296,365,135,274,730.8,1.8,36
1715,23.691,365,197,286,730.8,1.8,36
1716,24.502,365,305,505,730.8,1.8,36
1717,4.253,547,635,1032,221.04,1.05,72
1718,0,547,0,0,0,0,0
1719,0,547,0,0,0,0,0
1720,4.303,547,184,263,221.04,1.05,72
1721,0,547,0,0,0,0,0
1722,4.04,547,409,839,221.04,1.05,72
1723,0,547,0,0,0,0,0
1724,4.309,547,1134,2246,221.04,1.05,72
1725,4.456,547,617,1060,221.04,1.05,72
1726,4.79,547,166,303,221.04,1.05,72
1727,4.48,547,1,1,221.04,0,72
1728,0,547,0,0,0,0,0
1729,0,547,0,0,0,0,0
1730,0,547,0,0,0,0,0
1731,0,547,0,0,0,0,0
1732,5.1,547,0,0,221.04,1.05,72
1733,4.942,547,355,594,221.04,1.05,72
1734,4.61,547,173,320,221.04,1.05,72
1735,4.321,547,441,849,221.04,1.05,72
1736,4.642,547,153,268,221.04,1.05,72
1737,5.42,0,0,0,0,0,0
1738,0,547,0,0,0,0,0
1739,0,547,0,0,0,0,0
1740,0,547,0,0,0,0,0
1741,4.87,547,735,1095,221.04,1.05,72
1742,0,547,0,0,0,0,0
1743,5.8875,547,0,0,0,0,0
1744,4.635,547,153,397,221.04,1.05,72
1745,0,547,0,0,0,0,0
1746,5.7125,547,0,0,0,0,0
1747,4.16,547,49,96,221.04,1.05,72
1748,4.54,547,0,0,0,0,0
1749,4.04,547,9,60,221.04,1.05,72
1750,0,547,0,0,0,0,0
1751,4.73,547,0,0,221.04,1.05,72
1752,4.325,547,0,0,221.04,1.05,72
1753,4.24,547,0,0,221.04,1.05,72
1754,4.76,547,0,0,221.04,1.05,72
1755,4.74,547,0,0,221.04,1.05,72
1756,0,547,0,0,0,0,0
1757,8.82,547,550,1059,221.04,1.05,72
1758,4.866,547,555,1036,261.54,1.05,72
1759,4.532,547,189,314,261.54,1.05,72
1760,4.422,547,354,682,261.54,1.05,72
1761,5.092,547,1028,1967,261.54,1.05,72
1762,0,547,0,0,0,0,0
1763,4.69,547,623,1018,261.54,1.05,72
1764,5.82,547,393,654,261.54,1.05,72
1765,0,547,0,0,0,0,0
1766,5.3613,547,0,0,0,0,0
1767,4.948,547,214,464,261.54,1.05,72
1768,4.625,547,779,1199,261.54,1.05,72
1769,4.718,547,1062,1904,261.54,1.05,72
1770,0,547,0,0,0,0,0
1771,4.818,547,426,654,261.54,1.05,72
1772,5.344,547,290,492,261.54,1.05,72
1773,0,547,0,0,0,0,0
1774,0,547,0,0,0,0,0
1775,4.837,547,408,913,261.54,1.05,72
1776,5.138,547,602,954,261.54,1.05,72
1777,0,547,0,0,0,0,0
1778,0,547,0,0,0,0,0
1779,0,547,0,0,0,0,0
1780,5,547,0,0,0,0,0
1781,0,547,0,0,261.54,1.05,72
1782,4.943,547,623,994,261.54,1.05,72
1783,6.471,547,880,1138,261.54,1.05,72
1784,5.09,547,588,938,261.54,1.05,72
1785,0,547,0,0,0,0,0
1786,4.923,547,1359,2375,261.54,1.05,72
1787,0,547,0,0,0,0,0
1788,0,547,0,0,293.76,0,72
1789,5.561,547,1477,2833,293.76,1.05,72
1790,5.41,547,589,1031,293.76,1.05,72
1791,5.557,547,1309,2078,293.76,1.05,72
1792,0,547,0,0,293.76,0,72
1793,0,547,0,0,293.76,0,72
1794,5.674,547,881,1287,293.76,1.05,72
1795,5.353,547,334,665,293.76,1.05,72
1796,5.212,547,616,1223,293.76,1.05,72
1797,6.31,547,858,1456,293.76,1.05,72
1798,5.552,547,462,1287,293.76,1.05,72
1799,5.647,547,404,824,293.76,1.05,72
1800,0,547,0,0,293.76,0,72
1801,0,547,0,0,293.76,0,72
1802,4.784,547,475,885,293.76,1.05,72
1803,4.789,547,1156,1996,293.76,1.05,72
1804,5.47,547,257,331,293.76,1.05,72
1805,5.62,547,985,1854,293.76,1.05,72
1806,0,547,0,0,293.76,0,72
1807,5.241,547,508,974,293.76,1.05,72
1808,6.203,547,164,320,293.76,1.05,72
1809,5.314,547,826,1358,293.76,1.05,72
1810,5.294,547,2754,5918,293.76,1.05,72
1811,4.38,547,145,385,293.76,1.05,72
1812,0,547,0,0,293.76,0,72
1813,5.425,547,244,360,293.76,1.05,72
1814,5.447,547,318,465,293.76,1.05,72
1815,0,547,0,0,293.76,0,72
1816,21.27,547,0,0,293.76,0,72
1817,5.058,547,1724,3165,293.76,1.05,72
1818,5.93,547,399,491,293.76,1.05,72
1819,0,547,0,0,293.76,0,72
1820,6.138,547,1356,2489,293.76,1.05,72
1821,5.1,547,1,1,293.76,1.05,72
1822,5.238,547,518,881,293.76,1.05,72
1823,0,547,0,0,293.76,0,72
1824,5.08,547,1,1,293.76,1.05,72
1825,5.31,547,505,749,293.76,1.05,72
1826,0,547,0,0,293.76,0,72
1827,0,0,0,0,0,0,0
1828,4.564,547,2198,4567,293.76,1.05,72
1829,0,0,0,0,0,1.19,72
1830,5.623,547,264,552,293.76,1.05,72
1831,0,547,0,0,293.76,0,72
1832,6.06,547,146,279,293.76,0,72
1833,4.89,547,354,726,293.76,1.05,72
1834,5.563,547,209,342,293.76,1.05,72
1835,5.38,547,198,365,293.76,1.05,72
1836,5.099,547,130,160,293.76,1.05,72
1837,5.216,547,165,277,293.76,1.05,72
1838,0,547,0,0,293.76,0,72
1839,5.465,547,7,68,293.76,1.05,72
1840,7.2,547,0,0,293.76,1.05,72
1841,0,547,0,0,293.76,0,72
1842,0,547,2,3,290.88,0,72
1843,7.208,547,275,380,293.76,1.05,72
1844,6.546,547,1195,1938,293.76,1.05,72
1845,5.477,547,1114,1670,293.76,1.05,72
1846,0,547,0,0,293.76,0,72
1847,5.617,547,316,406,293.76,1.05,72
1848,0,547,0,0,0,0,0
1849,0,547,0,0,0,0,0
1850,0,365,0,0,0,0,0
1851,0,547,0,0,0,0,0
1852,7.28,547,0,0,0,0,0
1853,9.98,547,0,0,195.84,0.72,32
1854,8.535,547,124,154,195.84,0.72,32
1855,8.25,547,3,3,195.84,0.72,32
1856,0,547,0,0,0,0,0
1857,8.92,547,185,220,195.84,0.72,32
1858,0,547,0,0,0,0,0
1859,9.564,547,0,0,195.84,0.72,32
1860,7.544,547,66,88,195.84,0.72,32
1861,8.72,547,66,86,195.84,0.72,32
1862,13.266,547,415,598,227.2,0.72,32
1863,0,547,0,0,0,0,0
1864,0,547,0,0,0,0,0
1865,0,547,0,0,0,0,0
1866,0,547,0,0,0,0,0
1867,10.141,547,49,58,243.84,0.72,32
1868,9.496,547,645,1007,243.84,0.72,32
1869,9.547,547,866,3163,243.84,0.72,32
1870,8.138,547,21,46,243.84,0,32
1871,10.99,547,258,755,243.84,0.72,32
1872,0,547,0,0,243.84,0,32
1873,0,547,0,0,243.84,0,32
1874,9.014,547,47,59,243.84,0.72,32
1875,10.33,547,0,0,243.84,0,32
1876,0,547,0,0,243.84,0,32
1877,0,547,0,0,243.2,0,32
1878,9.274,547,328,378,261.12,0.72,32
1879,8.823,547,5048,9631,261.12,0.72,32
1880,9.298,547,372,507,261.12,0.72,32
1881,0,547,0,0,259.2,0,32
1882,9.597,547,412,616,261.12,0.72,32
1883,9.717,547,1124,1810,261.12,0.72,32
1884,0,547,0,0,261.12,0,32
1885,9.52,547,89,151,261.12,0.72,32
1886,9.032,547,454,593,261.12,0.72,32
1887,9.23,547,192,221,261.12,0.72,32
1888,21.84,547,337,569,261.12,0.72,32
1889,10.824,547,211,578,277.12,0.72,32
1890,13.428,547,0,0,277.12,0.72,32
1891,11.174,547,201,264,293.12,0.8,32
1892,10.783,547,261,798,293.12,0.8,32
1893,11.81,547,0,0,293.12,0.8,32
1894,0,0,0,0,15,0.15,1
1895,1.847,730,1489,3475,348.48,0.9,288
1896,0,547,19,3060,105.6,1.56,1920
1897,0.17,547,0,0,105.6,1.56,1920
1898,0.12,547,11,1740,105.6,0.6,1920
1899,0.005,547,0,0,106,1.12,1920
1900,0.18,547,27,3360,105.6,1.56,1920
1901,0,547,17,1620,105.6,1.56,1920
1902,0.044,547,24,3060,105.6,0,1920
1903,0.1875,547,0,0,106,1.12,1920
1904,0.006,547,21,3780,105.6,1.56,1920
1905,0.19,547,14,1500,105.6,1.56,1920
1906,0.16,547,11,1620,105.6,0,1920
1907,0.1,547,10,1260,105.6,1.56,1920
1908,0.01,547,10,900,105.6,1.56,1920
1909,0,547,0,0,106,1.12,1920
1910,0,547,0,0,106,1.12,1920
1911,0.18,547,17,2160,105.6,0,1920
1912,0.031,547,16,1800,105.6,1.56,1920
1913,0.114,547,15,3560,105.6,1.56,1920
1914,0,547,0,0,105.6,0,1920
1915,0,547,0,0,105.6,0,1920
1916,0.19,547,75,1905,105.6,0,1920
1917,0,547,0,0,105.6,0,1920
1918,0,547,0,0,105.6,0,1920
1919,0.18,547,0,0,105.6,0,1920
1920,0,547,0,0,105.6,0,1920
1921,0,547,0,0,105.6,1.56,1920
1922,0.18,547,3,660,105.6,0,1920
1923,0.17,547,77,3750,105.6,0,1920
1924,0.18,547,0,0,105.6,1.56,1920
1925,0.2,547,0,0,105.6,1.56,1920
1926,0.0276,547,18,2460,105.6,1.56,1920
1927,0,547,0,0,105.6,0,1920
1928,0,547,0,0,105.6,0,1920
1929,0.017,547,10,780,105.6,0,1920
1930,0.013,547,2,900,105.6,0,1920
1931,0.0552,547,0,0,105.6,1.56,1920
1932,0.18,547,12,1500,105.6,1.56,1920
1933,0.038,547,0,0,105.6,1.56,1920
1934,0.011,547,18,2820,105.6,1.56,1920
1935,0.063,547,7,840,105.6,0,1920
1936,0,730,0,0,362.88,0,3456
1937,0,730,0,0,362.88,0,3456
1938,0,730,0,0,362.88,0,3456
1939,0,730,0,0,362.88,1.2,3456
1940,0,730,0,0,362.88,0,3456
1941,0,730,0,0,524.16,0,3456
1942,0,730,0,0,362.88,0,3456
1943,0,730,0,0,362.88,0,3456
1944,0.216,730,0,0,362.88,0,3456
1945,2.94,547,0,0,165.78,0,108
1946,1.2,547,0,0,197.76,0,384
1947,3.0684,547,0,0,165.78,1.02,108
1948,0.97,547,0,0,207.68,1,384
1949,12.948,547,0,0,293.12,0.8,32
1950,5.172,547,0,0,221.04,1.05,72
1951,14.172,547,0,0,293.12,0.8,32
1952,5.712,547,0,0,221.04,1.05,72
1953,11.304,547,0,0,243.84,0.72,32
1954,2.832,547,0,0,165.78,1.02,108
1955,1.2938,547,0,0,197.76,0,384
1956,3.072,547,0,0,165.78,1.02,108
1957,1.272,547,0,0,207.68,1,384
1958,0,730,0,0,362.88,0,3456
1959,0.16,0,116,816,252,1,200
1960,0.34,547,112,790,126,0,100
1961,0.243,0,54,374,198,1.02,180
1962,1.4988,547,0,0,257.6,1,384
1963,1.4712,547,0,0,257.6,1,384
1964,1.2,547,0,0,211.2,0,384
1965,3.5,547,0,0,189,0,108
1966,0,730,0,0,311.04,0,3456
1967,0.215,730,0,0,311.04,0,3456
1968,0,730,0,0,311.04,0,3456
1969,0,547,0,0,189,0,108
1970,1.482,547,0,0,257.6,1,384
1971,4.32,547,0,0,243,0,108
1972,4.26,547,0,0,243,1.02,108
1973,4.4575,547,0,0,59.4,0,108
1974,1.452,547,0,0,207.68,1,384
1975,0,730,0,0,311.04,0,3456
1976,1.78,730,374,601,348.48,0.9,288
1977,1.778,730,2243,4613,348.48,0.9,288
1978,1.89,730,2206,4050,348.48,0.9,288
1979,2.38,0,0,0,0,0,0
1980,1.84,730,1126,2389,348.48,0.9,288
1981,1.977,730,435,854,348.48,0.9,288
1982,1.927,730,511,1028,348.48,0.9,288
1983,1.77,730,372,624,348.48,0.9,288
1984,2.8,547,33,160,168.48,0.45,144
1985,3.37,0,0,0,0,0,0
1986,4.725,547,105,209,168.48,0.45,144
1987,2.5438,0,0,0,0,0,288
1988,0.17,547,0,0,97.9,1.2,1920
1989,0.17,547,17,1800,105.6,1.56,1920
1990,0,547,0,0,106,1.19,1920
1991,0.04,547,6,900,105.6,0,1920
1992,0,0,8,287,60,0.54,300
1993,0,0,31,356,480,2.16,6000
1994,0,0,0,0,60,0.54,900
1995,0.043,0,5,1454,60,0.54,900
1996,0,0,0,0,60,0.54,900
1997,0,0,0,0,60,0.54,900
1998,0,0,0,0,60,0.54,900
1999,0.17,0,65,1027,241.92,2.16,3456
2000,0.76,0,0,0,73.6,0.6,1600
2001,0,0,0,0,60,0.54,900
2002,0.76,0,1,6,144,2.16,1600
2003,1.62,0,0,0,60,0.54,600
2004,0,0,2,9,60,0.54,600
2005,0,0,6,978,60,0.54,600
2006,0,0,0,0,60,0.54,600
2007,0,0,0,0,60,0.54,600
2008,4.4,547,0,0,264,1.18,108
2009,0.81,0,4,100,252,1,200
2010,0.82,0,4,100,252,1,200
2011,0,0,2,70,252,1,200
2012,0,0,1,20,252,1,200
2013,0,0,0,0,252,0,200
2014,23.9875,365,0,0,548,1.13,30
2015,0.2,547,11,900,98,1.59,1920
2016,6.825,547,0,0,293.76,1.05,72
2017,0,730,0,0,573.696,0,576
2018,0,547,0,0,189,1.18,108
2019,2.827,547,1360,2383,226.8,1.02,108
2020,3.735,547,404,938,221.04,1.05,72
2021,11.743,547,190,377,325.12,0.8,32
2022,1.489,547,2134,4025,147.6,1.17,180
2023,1.55,0,0,0,0,0,0
2024,3.441,547,142,262,226.8,1.02,108
2025,16.502,547,161,245,147.24,0.48,12
2026,0,547,0,0,188,1.18,72
2027,3.508,547,293,526,221.04,1.05,72
2028,1.96,730,908,1688,336.96,0.9,288
2029,1.87,730,1767,3030,336.96,0.9,288
2030,1.66,730,2340,4603,336.96,0.9,288
2031,1.25,547,561,1428,207.68,1,384
2032,1.801,730,1096,2173,336.96,0.9,288
2033,0.192,547,0,0,105.6,1.56,1920
2034,13.342,547,312,484,257.67,0.84,21
2035,0.035,547,0,0,98,1.19,1920
2036,0.033,547,3,1020,98,1.19,1920
2037,0.043,547,75,2390,98,1.19,1920
2038,16.52,547,45,50,293.12,0.8,32
2039,6.339,547,15,87,261.54,1.05,72
2040,8.54,0,0,0,0,0,0
2041,4.39,547,70,111,226.8,1.02,108
2042,15.94,547,23,31,325.12,0.8,32
2043,18.199,547,14,28,325.12,0.8,32
2044,6.98,547,37,73,293.76,1.05,72
2045,14.71,547,11,16,293.12,0.8,32
2046,6.12,547,5,45,261.54,1.05,72
2047,7.27,547,18,19,261.54,1.05,72
2048,3.68,547,39,75,226.8,1.02,108
2049,2.55,547,32,72,165.78,1.02,108
2050,4.84,547,19,31,226.8,1.02,108
2051,1.76,730,1317,3129,336.96,0.9,288
2052,3.5,0,13,162,16.2,0.5,180
2053,3.5,0,10,116,16.2,0.5,180
2054,3.5,0,13,198,16.2,0.5,180
2055,3.5,0,16,283,16.2,0.5,180
2056,0,547,8,1020,105.6,1.56,1920
2057,15.38,365,0,0,300,0.84,21
2058,0.93,730,0,0,88.7,0.9,144
2059,9.304,547,237,287,225.6,0.72,32
2060,16.53,365,8,14,341.67,0.98,21
2061,13.67,365,0,0,300,0.84,21
2062,17.97,365,0,0,341.67,0.98,21
2063,9.29,547,1587,2522,227.8,0.72,32
2064,9.255,547,245,413,228,0.72,32
2065,7.593,0,59,121,0,0,80
2066,0,0,0,0,30,0.5,600
2067,1.81,547,0,0,111,1.19,108
2068,0,547,20,2100,105.6,0,1920
2069,1.59,547,3,75,226.08,1.19,180
2070,2.38,547,393,912,226.08,1.19,180
2071,15.25,365,11,25,320.67,0,21
2072,11.49,547,137,455,124.92,0,180
2073,0,0,0,0,0,0,0
2074,13.354,547,89,166,261.12,0,32
2075,3.03,547,192,334,220.32,0,108
2076,12.47,547,137,278,325.12,0,32
2077,3.298,547,378,585,220.32,0,108
2078,14.55,547,77,180,325.12,0,32
2079,3.829,456,184,433,502.74,1.19,630
2080,3.91,547,51,105,502.74,1.19,630
2081,4.2,456,81,251,502.74,1.19,630
2082,4.58,456,154,268,502.74,1.19,630
2083,4.49,456,64,150,502.74,1.19,630
2084,4.813,0,38,88,110.4,0.64,48
2085,15.96,0,12,18,300,1.19,80
2086,0,0,46,263,432,1.19,864
2087,1.47,0,0,0,76.8,1.19,192
2088,1.78,0,3,1000,319.2,1.19,840
2089,0,0,0,0,450,1.19,2500
2090,0.63,0,1,69,48,0,12000
2091,0,0,0,0,128,0,12800
2092,0,0,76,929,25,0,2500
2093,0.13,0,71,6927,25,0,2500
2094,1.48,0,19,257,135,0,1800
2095,6.35,0,2,7,264,0,480
2096,0.4,0,20,2460,160,0,8000
2097,0,0,57,72,210,0,50
2098,0,0,45,1554,250,0,2500
2099,4.35,0,28,371,126,0,360
2100,0,0,0,0,120,0,6
2101,0,0,3,3,6.4,0,8
2102,0,0,0,0,96,0,3
2103,0,0,0,0,358,0,2
2104,0,0,0,0,24,0,3
2105,5.076,547,13,317,69.84,0,24
2106,0,0,12,119,96,0,384
2107,0.695,0,11,119,57.6,0,1152
2108,2.106,0,2,32,60.48,0,144
2109,0,0,0,0,2.4,0,2400
2110,0,0,0,0,128,0,1600
2111,18.45,365,182,335,657.72,0,36
2112,11.074,547,96,212,259.2,0,32
2113,18.1,547,214,457,641.34,0,42
2114,18.22,547,127,244,641.34,0,42
2115,60.04,0,3,4,40,0,8
2116,1.47,0,0,0,20.16,0,144
2117,0,0,34,1343,45,0,2250
2118,1.04,0,94,1246,224.64,0,1728
2119,0,0,4,601,40,0,4000
2120,0,0,0,0,20,0,1
2121,0,0,3,3,40,0,4
2122,0,0,2,2,48,0,4
2123,0,0,2,2,42,0,6
2124,0,0,0,0,59.2,0,16
2125,0,0,5,10,100,0,5
2126,0,0,1,1,20,0,1
2127,0,0,1,1,78,0,4
2128,0,0,2,14,24,0,10
2129,0,0,0,0,20,0.8,1
2130,0,0,0,0,40,0,4
2131,0,0,0,0,24,0,8
2132,0,0,11,68,57.6,1.19,288
2133,0.849,0,17,151,108,1.19,1800
2134,0.32,0,22,2790,108.24,0,1968
2135,0,0,0,0,162,0,1620
2136,0,0,49,616,84,0,120
2137,0,0,135,330,92.4,0,132
2138,0,0,0,0,225,0,1500
2139,0,0,34,372,173.6,0,248
2140,0,0,3,300,60,0,300
2141,0,0,0,0,11,1.19,5
2142,0,0,1,110,2.2,0,110
2143,0,0,1,220,29.92,0,1760
2144,0,0,3,4,80,0,4
2145,0,0,1,1,78,0,4
2146,0,0,0,0,13.8,0,3
2147,0,0,3,90,38.4,0,240
2148,0,0,4,47,26.88,0,192
2149,0,0,0,0,18,0,30
2150,0,0,2,26,38.88,0,72
2151,0,0,1,10,317.76,0,320
2152,0.58,0,0,0,21.6,0,2400
2153,0,0,5,20,77.85,0,225
2154,0,0,0,0,48,0,6
2155,0,0,7,430,13.44,0,960
2156,0,0,13,2440,45.6,0,12000
2157,0.18,0,5,419,45.6,0,12000
2158,77.2,0,6,26,12,0,30
2159,0,0,1,3,10.8,0,30
2160,20,0,6,29,10.8,0,12
2161,0,0,23,3641,309.6,0,2400
2162,0,0,0,0,52,0,4
2163,0,0,0,0,52,0,4
2164,0,0,10,36,9.6,0,120
2165,0,0,10,128,11.52,0,640
2166,0,0,0,0,20,0,1
2167,0,0,7,16,31.6,0,16
2168,0,0,3,3,21.96,0,6
2169,0,0,0,0,48,0,12000
2170,0,0,0,0,48,0,12000
2171,0,0,0,0,48,0,12000
2172,0,0,0,0,48,0,12000
2173,0,0,1,1,16,1.19,8
2174,0,0,1,1,30,0,3
2175,0,0,4,7,1.2,0,12
2176,0,0,2,3,36,0,12
2177,0,0,0,0,84,0,6
2178,0,0,1,3,80,0,4
2179,0,0,5,5,14.688,0,36
2180,0,0,1,1,20,0,1
2181,0,0,1,17,19.2,0,48
2182,0,0,2,42,19.2,0,48
2183,0,0,1,40,153.6,0,384
2184,0.532,730,115,896,163.584,0,384
2185,0,0,26,541,173.6,0,248
2186,0,0,20,575,20.16,0,144
2187,208.48,0,1,2,40,0,2
2188,0,0,22,626,77.76,0,288
2189,6.05,547,447,961,226.8,0,108
2190,1.5,0,1,100,450,0,2500
2191,6.35,0,12,44,92.8,0,160
2192,0,0,0,0,150,0,1500
2193,0,0,0,0,150,0,1500
2194,0,0,41,106,83.2,0,80
2195,0,0,34,638,250,0,2500
2196,0.62,0,69,2708,16,0,8000
2197,0.869,730,85,1013,180.48,0,384
2198,2.76,730,57,323,336.96,0,288
2199,0,0,13,458,50,0,100
2200,0,0,1,1,18,0,1
2201,0,0,300,697,84,0,120
2202,0,0,12,316,60,0,1200
2203,0,0,7,15,180,0,900
2204,0,0,15,64,180,0,1800
2205,0,0,9,58,207,0,900
2206,0,0,11,95,130.56,0,384
2207,0,0,2,160,800,0,200000
2208,0,0,8,12,152,0,160
2209,0,0,4,10,112.128,0,192
2210,0,0,34,121,180,0,900
2211,0,0,4,21,16,0,800
2212,0,0,2,9,144,0,1600
2213,0,0,6,300,36,0,1200
2214,0,0,2,5,2.5,0,5
2215,3.27,547,112,216,262.98,0,108
2216,5.905,0,7,19,240,0,400
2217,0,0,5,700,21,0,4200
2218,0,0,10,508,192,0,1600
2219,0,0,18,235,36,0,180
2220,0,0,28,359,12,0,600
2221,0,547,6,100,93.12,1.19,32
2222,0,0,1,10,6,0,10
2223,0,0,4,8,44,0,8
2224,0,0,1,1,67.2,0,12
2225,0,0,4,4,37.2,0,12
2226,0,0,2,2,52.44,0,6
2227,0,0,5,6,33,0,6
2228,0,0,2,2,9.04,0,2
2229,0,0,1,1,30,0,2
2230,0,0,6,6,60,0,4
2231,0,0,3,4,60,0,4
2232,0,0,1,1,5.47,0,1
2233,0,0,0,0,44,0,8
2234,0,0,16,284,20.16,0,144
2235,0,0,32,294,20.16,0,144
2236,0,0,28,185,92.8,0,160
2237,0,0,144,967,120,0,2400
2238,1.038,0,132,1306,60,0,1200
2239,0,0,2,7,79.2,0,120
2240,0.92,730,19,140,88.704,0,144
2241,0,547,0,0,105.6,0,1920
2242,0,0,41,1636,330,0,6000
2243,0,0,2,60,96,0,240
2244,2.02,730,354,710,322.56,0,288
2245,1.99,730,363,765,322.56,0,288
2246,0,0,12,119,126,0,100
2247,0,0,6,59,518.4,0,1920
2248,0,0,0,0,3,0,1
2249,0,0,0,0,5,0,1
2250,0,730,1,120,88.704,0,144
2251,0,0,1,2,3.37,0,1
2252,0,0,1,2,8.28,0,2
2253,0,0,0,0,2.7,0,10
2254,0,0,0,0,2.7,0,10
2255,0,0,0,0,8.67,0,1
2256,0,0,1,1,6.55,0,1
2257,0,0,2,2,20,0,1
2258,0,0,0,0,14.06,0,1
2259,0,0,1,1,18.47,0,1
2260,0,730,170,408,336.96,0.9,288
2261,0,0,4,30,15,0,15
2262,0,0,4,17,5.76,0,24
2263,0,0,38,42,6,0,12
2264,0,0,29,309,9.12,0,48
2265,0,0,0,0,20,0,1
2266,0,0,0,0,50,0,5
2267,0,0,31,36,105.6,0,1920
2268,0,0,105,420,160,1.25,1600
2269,0,0,0,0,18,0,1
2270,0,0,0,0,2.7,0,10
2271,0,0,0,0,2.7,0,10
2272,0,0,0,0,2.7,0,10
2273,0,0,0,0,2.7,0,10
2274,0,0,0,0,2.7,0,10
2275,0,0,0,0,2.7,0,10
2276,0,0,1,1,9.58,0,1
2277,0,0,0,0,38.36,0,4
2278,0,0,1,1,25.11,0,3
2279,0,547,76,1570,105.6,0,1920
